-- MariaDB dump 10.19  Distrib 10.6.9-MariaDB, for Linux (x86_64)
--
-- Host: localhost    Database: appgalte_db1
-- ------------------------------------------------------
-- Server version	10.6.9-MariaDB

/*!40101 SET @OLD_CHARACTER_SET_CLIENT=@@CHARACTER_SET_CLIENT */;
/*!40101 SET @OLD_CHARACTER_SET_RESULTS=@@CHARACTER_SET_RESULTS */;
/*!40101 SET @OLD_COLLATION_CONNECTION=@@COLLATION_CONNECTION */;
/*!40101 SET NAMES utf8mb4 */;
/*!40103 SET @OLD_TIME_ZONE=@@TIME_ZONE */;
/*!40103 SET TIME_ZONE='+00:00' */;
/*!40014 SET @OLD_UNIQUE_CHECKS=@@UNIQUE_CHECKS, UNIQUE_CHECKS=0 */;
/*!40014 SET @OLD_FOREIGN_KEY_CHECKS=@@FOREIGN_KEY_CHECKS, FOREIGN_KEY_CHECKS=0 */;
/*!40101 SET @OLD_SQL_MODE=@@SQL_MODE, SQL_MODE='NO_AUTO_VALUE_ON_ZERO' */;
/*!40111 SET @OLD_SQL_NOTES=@@SQL_NOTES, SQL_NOTES=0 */;

--
-- Table structure for table `tbl_categories`
--

DROP TABLE IF EXISTS `tbl_categories`;
/*!40101 SET @saved_cs_client     = @@character_set_client */;
/*!40101 SET character_set_client = utf8 */;
CREATE TABLE `tbl_categories` (
  `category_id` int(11) NOT NULL AUTO_INCREMENT,
  `category_guid` char(36) NOT NULL,
  `category_name` varchar(250) NOT NULL,
  `created_date` datetime NOT NULL,
  PRIMARY KEY (`category_id`),
  UNIQUE KEY `category_guid` (`category_guid`),
  UNIQUE KEY `category_name` (`category_name`)
) ENGINE=InnoDB AUTO_INCREMENT=43 DEFAULT CHARSET=utf8mb3;
/*!40101 SET character_set_client = @saved_cs_client */;

--
-- Dumping data for table `tbl_categories`
--

LOCK TABLES `tbl_categories` WRITE;
/*!40000 ALTER TABLE `tbl_categories` DISABLE KEYS */;
INSERT INTO `tbl_categories` VALUES (5,'aad2d107-2f6d-ae51-dfeb-209029f546a6','מתנות > גאדג\'טים','2021-12-22 10:24:56'),(8,'7acc52c6-285c-3a67-d79a-a2438959bf1a','מוצרי פירסום','2021-12-27 13:22:33'),(34,'a2a1255a-4d7b-c375-2bcb-3248b9443803','מוצרי חשמל','2022-02-27 18:21:58'),(35,'65ba20a8-3396-d84b-c775-61481e8751be','כלי מטבח','2022-02-27 18:22:28'),(36,'2128db25-5a0e-ea29-aab6-5898835a48bb','טקסטיל','2022-02-28 18:05:36'),(37,'acbb8997-6f5f-e06f-7c99-5a9ef6e45088','מתנות','2022-02-28 18:19:34'),(38,'f3e70cdf-23b8-5c24-7723-417c7fab5125','גאדג\'טים','2022-03-01 15:25:21'),(39,'8354bff2-9519-b17a-6ea9-f36c1d7247c5','גרילים/מעשנות','2022-03-03 13:33:46'),(40,'522a3b16-974a-4486-f1cd-596eb20afeb3','תיקים','2022-04-03 10:20:16'),(41,'60c25fb5-9b38-584f-b506-a0e99032131d','בקבוקים','2022-04-05 10:57:37'),(42,'61fd0d9c-f432-9728-24cc-2fa086117841','תווים','2022-08-14 15:59:31');
/*!40000 ALTER TABLE `tbl_categories` ENABLE KEYS */;
UNLOCK TABLES;

--
-- Table structure for table `tbl_client_package_products`
--

DROP TABLE IF EXISTS `tbl_client_package_products`;
/*!40101 SET @saved_cs_client     = @@character_set_client */;
/*!40101 SET character_set_client = utf8 */;
CREATE TABLE `tbl_client_package_products` (
  `package_id` int(11) NOT NULL,
  `product_id` int(11) NOT NULL,
  UNIQUE KEY `package_product_id` (`package_id`,`product_id`),
  KEY `package_id` (`package_id`),
  KEY `product_id` (`product_id`),
  CONSTRAINT `tbl_client_package_products_ibfk_1` FOREIGN KEY (`package_id`) REFERENCES `tbl_client_packages` (`package_id`) ON DELETE CASCADE,
  CONSTRAINT `tbl_client_package_products_ibfk_2` FOREIGN KEY (`product_id`) REFERENCES `tbl_products` (`product_id`) ON DELETE CASCADE
) ENGINE=InnoDB DEFAULT CHARSET=utf8mb3;
/*!40101 SET character_set_client = @saved_cs_client */;

--
-- Dumping data for table `tbl_client_package_products`
--

LOCK TABLES `tbl_client_package_products` WRITE;
/*!40000 ALTER TABLE `tbl_client_package_products` DISABLE KEYS */;
INSERT INTO `tbl_client_package_products` VALUES (68,1341),(68,1342),(68,1343),(68,1344),(68,1345),(68,1346),(68,1347),(68,1348),(69,1280),(69,1281),(69,1282),(69,1286),(70,1284),(70,1285),(70,1286),(71,1288),(71,1289),(72,1287),(73,1303),(73,1310),(73,1314),(73,1315),(73,1316),(80,1307),(80,1308),(80,1309),(80,1330),(80,1362),(92,1387),(92,1388),(93,1299),(93,1323),(94,1306),(94,1401),(95,1389),(95,1414),(96,1393),(96,1394),(96,1395),(96,1396),(96,1397),(96,1416),(97,1417),(97,1418),(98,1309),(98,1316),(99,1296),(99,1386),(100,1326),(100,1328),(101,1420),(101,1423),(101,1424),(103,1420),(103,1421),(103,1422),(104,1415),(104,1420),(104,1421),(104,1422),(104,1423),(104,1424);
/*!40000 ALTER TABLE `tbl_client_package_products` ENABLE KEYS */;
UNLOCK TABLES;

--
-- Table structure for table `tbl_client_packages`
--

DROP TABLE IF EXISTS `tbl_client_packages`;
/*!40101 SET @saved_cs_client     = @@character_set_client */;
/*!40101 SET character_set_client = utf8 */;
CREATE TABLE `tbl_client_packages` (
  `package_id` int(11) NOT NULL AUTO_INCREMENT,
  `package_guid` char(36) NOT NULL,
  `client_id` int(11) NOT NULL,
  `package_name` varchar(250) NOT NULL,
  `no_of_products` smallint(6) NOT NULL,
  `quantity` smallint(6) NOT NULL DEFAULT 0 COMMENT 'Total assigned quantity',
  `sold_quantity` smallint(6) NOT NULL DEFAULT 0,
  `client_status` enum('Review Pending','Liked','Deleted','Mutually Confirmed') NOT NULL DEFAULT 'Review Pending',
  `created_date` datetime NOT NULL,
  PRIMARY KEY (`package_id`),
  KEY `client_id` (`client_id`),
  CONSTRAINT `tbl_client_packages_ibfk_1` FOREIGN KEY (`client_id`) REFERENCES `tbl_users` (`user_id`) ON DELETE CASCADE
) ENGINE=InnoDB AUTO_INCREMENT=105 DEFAULT CHARSET=utf8mb3;
/*!40101 SET character_set_client = @saved_cs_client */;

--
-- Dumping data for table `tbl_client_packages`
--

LOCK TABLES `tbl_client_packages` WRITE;
/*!40000 ALTER TABLE `tbl_client_packages` DISABLE KEYS */;
INSERT INTO `tbl_client_packages` VALUES (68,'ba6f124f-52b4-6a81-2015-8861c8369e7b',180,'pack 1',8,5,0,'Liked','2022-03-03 07:55:34'),(69,'d75f3e75-bd1a-d335-5a9b-145a03e3836e',180,'pack 2',4,10,0,'Liked','2022-03-03 07:55:51'),(70,'23c566f7-9cda-e4ca-0fe2-5b0b16dcc822',180,'pack 3',3,15,0,'Liked','2022-03-03 07:56:07'),(71,'9723f17a-3d63-8437-a43e-85c28bd7dfa0',180,'pack 4',2,20,0,'Liked','2022-03-03 07:56:22'),(72,'b04db40f-abe6-2fba-e985-6afd9a9edfbe',180,'pack 5',1,20,0,'Liked','2022-03-03 07:56:36'),(73,'ed808634-c0ad-6b62-593c-546f04e9d8bf',180,'pack 5',5,20,0,'Liked','2022-03-03 08:45:10'),(80,'adc1bda1-bb72-c062-5b65-14c30a01171c',180,'bags',5,5,0,'Liked','2022-03-14 14:44:05'),(92,'820a8b9d-ef2e-e80b-dca7-e1ff2bd2c965',213,'חבילת טקסטיל ורדינון',2,50,3,'Liked','2022-08-22 11:29:59'),(93,'5adadffe-4e05-8d1a-bf46-a4f1fabb23e3',213,'ערכת קוצצים',2,20,0,'Liked','2022-08-22 14:17:18'),(94,'d2a19cd2-311e-5594-97c2-5bbd56ba8c8e',213,'ערכת קמפינג',2,100,2,'Liked','2022-08-22 14:18:53'),(95,'2bf9ff89-ac45-23a5-b1f4-a5dcce897a09',213,'סט חגיגי לחורף מפנק במארז מתנה – ורדינון',2,50,1,'Liked','2022-08-22 14:47:43'),(96,'574a0cd4-c304-4ca6-1b5b-fa83581a082c',213,'מערכת בישול מושלמת למטבח נעמן',6,50,2,'Liked','2022-08-22 14:50:18'),(97,'849363dc-720c-3a72-5830-e88553753f2f',213,'מארז שף מקצועי 7 חלקים נעמן',2,50,1,'Liked','2022-08-22 14:51:11'),(98,'de28bb88-e656-ef94-5542-a6a216c1192c',213,'ערכת חו\"ל',2,100,1,'Liked','2022-08-22 14:54:29'),(99,'a174fd5b-fa95-29f5-87bf-c2cda976413b',213,'ערכת ציידים ',2,100,0,'Liked','2022-08-22 14:55:23'),(100,'b38b1094-18f8-accf-c445-899702b085c7',213,'סט פירטו מורנו',2,100,0,'Liked','2022-08-22 14:56:05'),(101,'fbf58093-79a7-dbfd-314c-2249941bf73c',213,'סט חדר שינה זוגי YARD&CO',3,50,3,'Liked','2022-08-25 13:44:06'),(103,'96fe15f0-4aaf-7d62-c137-5579e6951451',213,'סט למיטות יחד ושמיכת פוך',3,50,1,'Liked','2022-08-25 13:46:25'),(104,'1dea6482-dd6b-5be2-5813-be8172dda6dc',314,'test',6,100,0,'Liked','2023-04-07 14:25:18');
/*!40000 ALTER TABLE `tbl_client_packages` ENABLE KEYS */;
UNLOCK TABLES;

--
-- Table structure for table `tbl_client_pickup_address`
--

DROP TABLE IF EXISTS `tbl_client_pickup_address`;
/*!40101 SET @saved_cs_client     = @@character_set_client */;
/*!40101 SET character_set_client = utf8 */;
CREATE TABLE `tbl_client_pickup_address` (
  `pickup_address_id` int(11) NOT NULL AUTO_INCREMENT,
  `client_id` int(11) NOT NULL,
  `pickup_address` varchar(255) NOT NULL,
  PRIMARY KEY (`pickup_address_id`),
  KEY `client_id` (`client_id`),
  CONSTRAINT `tbl_client_pickup_address_ibfk_1` FOREIGN KEY (`client_id`) REFERENCES `tbl_users` (`user_id`) ON DELETE CASCADE
) ENGINE=InnoDB AUTO_INCREMENT=49 DEFAULT CHARSET=utf8mb3;
/*!40101 SET character_set_client = @saved_cs_client */;

--
-- Dumping data for table `tbl_client_pickup_address`
--

LOCK TABLES `tbl_client_pickup_address` WRITE;
/*!40000 ALTER TABLE `tbl_client_pickup_address` DISABLE KEYS */;
INSERT INTO `tbl_client_pickup_address` VALUES (41,203,'אשקלון'),(42,203,'נהריה'),(48,213,'משה שרת 1 ראשון לציון ');
/*!40000 ALTER TABLE `tbl_client_pickup_address` ENABLE KEYS */;
UNLOCK TABLES;

--
-- Table structure for table `tbl_client_shop_products`
--

DROP TABLE IF EXISTS `tbl_client_shop_products`;
/*!40101 SET @saved_cs_client     = @@character_set_client */;
/*!40101 SET character_set_client = utf8 */;
CREATE TABLE `tbl_client_shop_products` (
  `shop_product_id` int(11) NOT NULL AUTO_INCREMENT,
  `client_id` int(11) NOT NULL,
  `product_id` int(11) NOT NULL,
  `shop_category` enum('Within Budget','Above Budget') NOT NULL,
  `above_budget_price` smallint(6) DEFAULT NULL COMMENT '(additional price in shekel)',
  `client_status` enum('Review Pending','Liked','Deleted','Mutually Confirmed') NOT NULL DEFAULT 'Review Pending',
  `quantity` smallint(6) NOT NULL DEFAULT 0 COMMENT '(Total assigned quantity)',
  `sold_quantity` smallint(6) NOT NULL DEFAULT 0,
  `created_date` datetime NOT NULL,
  `modified_date` datetime DEFAULT NULL,
  PRIMARY KEY (`shop_product_id`),
  KEY `client_id` (`client_id`),
  KEY `product_id` (`product_id`),
  CONSTRAINT `tbl_client_shop_products_ibfk_1` FOREIGN KEY (`client_id`) REFERENCES `tbl_users` (`user_id`) ON DELETE CASCADE,
  CONSTRAINT `tbl_client_shop_products_ibfk_2` FOREIGN KEY (`product_id`) REFERENCES `tbl_products` (`product_id`) ON DELETE CASCADE
) ENGINE=InnoDB AUTO_INCREMENT=567 DEFAULT CHARSET=utf8mb3;
/*!40101 SET character_set_client = @saved_cs_client */;

--
-- Dumping data for table `tbl_client_shop_products`
--

LOCK TABLES `tbl_client_shop_products` WRITE;
/*!40000 ALTER TABLE `tbl_client_shop_products` DISABLE KEYS */;
INSERT INTO `tbl_client_shop_products` VALUES (216,180,1313,'Within Budget',NULL,'Liked',20,0,'2022-03-03 08:03:25',NULL),(314,203,1339,'Within Budget',NULL,'Liked',10,0,'2022-03-14 16:15:40',NULL),(315,203,1337,'Within Budget',NULL,'Liked',10,0,'2022-03-14 16:15:40',NULL),(316,203,1361,'Above Budget',200,'Liked',10,0,'2022-03-14 16:15:40',NULL),(317,203,1359,'Above Budget',500,'Liked',18,0,'2022-03-14 16:15:40',NULL),(318,203,1358,'Above Budget',200,'Liked',10,0,'2022-03-14 16:15:40',NULL),(550,213,1419,'Within Budget',NULL,'Liked',50,0,'2022-08-28 16:09:05',NULL),(551,213,1415,'Within Budget',NULL,'Liked',20,3,'2022-08-28 16:09:05',NULL),(552,213,1413,'Within Budget',NULL,'Liked',20,0,'2022-08-28 16:09:05',NULL),(553,213,1412,'Within Budget',NULL,'Liked',20,2,'2022-08-28 16:09:05',NULL),(554,213,1411,'Within Budget',NULL,'Liked',20,0,'2022-08-28 16:09:05',NULL),(555,213,1410,'Within Budget',NULL,'Liked',20,0,'2022-08-28 16:09:05',NULL),(556,213,1409,'Within Budget',NULL,'Liked',20,0,'2022-08-28 16:09:05',NULL),(557,213,1408,'Within Budget',NULL,'Liked',100,30,'2022-08-28 16:09:05',NULL),(558,213,1403,'Within Budget',NULL,'Review Pending',0,0,'2022-08-28 16:09:05',NULL),(559,213,1402,'Within Budget',NULL,'Review Pending',0,0,'2022-08-28 16:09:05',NULL),(560,213,1399,'Within Budget',NULL,'Liked',20,1,'2022-08-28 16:09:05',NULL),(561,213,1337,'Within Budget',NULL,'Liked',20,1,'2022-08-28 16:09:05',NULL),(562,213,1331,'Within Budget',NULL,'Liked',20,3,'2022-08-28 16:09:05',NULL),(563,213,1319,'Within Budget',NULL,'Review Pending',0,0,'2022-08-28 16:09:05',NULL),(564,213,1284,'Within Budget',NULL,'Liked',20,0,'2022-08-28 16:09:05',NULL),(565,314,1339,'Within Budget',NULL,'Liked',100,0,'2023-04-07 14:25:48',NULL),(566,314,1337,'Within Budget',NULL,'Liked',100,0,'2023-04-07 14:25:48',NULL);
/*!40000 ALTER TABLE `tbl_client_shop_products` ENABLE KEYS */;
UNLOCK TABLES;

--
-- Table structure for table `tbl_order_details`
--

DROP TABLE IF EXISTS `tbl_order_details`;
/*!40101 SET @saved_cs_client     = @@character_set_client */;
/*!40101 SET character_set_client = utf8 */;
CREATE TABLE `tbl_order_details` (
  `order_id` int(11) NOT NULL,
  `type` enum('Product','Package') NOT NULL,
  `product_package_id` int(11) NOT NULL,
  `product_package_name` varchar(200) NOT NULL,
  `quantity` smallint(6) NOT NULL DEFAULT 1,
  `amount` int(11) NOT NULL,
  KEY `order_id` (`order_id`),
  CONSTRAINT `tbl_order_details_ibfk_1` FOREIGN KEY (`order_id`) REFERENCES `tbl_orders` (`order_id`) ON DELETE CASCADE
) ENGINE=InnoDB DEFAULT CHARSET=utf8mb3;
/*!40101 SET character_set_client = @saved_cs_client */;

--
-- Dumping data for table `tbl_order_details`
--

LOCK TABLES `tbl_order_details` WRITE;
/*!40000 ALTER TABLE `tbl_order_details` DISABLE KEYS */;
INSERT INTO `tbl_order_details` VALUES (75,'Product',1331,'אופה פיצות ולחמים',1,0),(76,'Product',1284,'מערכת שמע עוצמתית דגם queen',1,0),(77,'Product',1284,'מערכת שמע עוצמתית דגם queen',1,0),(78,'Product',1331,'אופה פיצות ולחמים',1,0),(79,'Product',1408,'תו הזהב',1,0),(80,'Product',1408,'תו הזהב',1,0),(81,'Product',1408,'תו הזהב',1,0),(82,'Product',1408,'תו הזהב',1,0),(83,'Product',1408,'תו הזהב',1,0),(84,'Product',1408,'תו הזהב',1,0),(85,'Product',1408,'תו הזהב',1,0),(86,'Product',1408,'תו הזהב',1,0),(87,'Product',1408,'תו הזהב',1,0),(88,'Product',1331,'אופה פיצות ולחמים',1,0),(89,'Product',1408,'תו הזהב',1,0),(90,'Product',1408,'תו הזהב',1,0),(91,'Product',1408,'תו הזהב',1,0),(92,'Package',101,'סט חדר שינה זוגי YARD&CO',1,0),(93,'Product',1408,'תו הזהב',1,0),(94,'Product',1415,'סט בישול 5 חלקים thermo spot- נעמן',1,0),(95,'Product',1408,'תו הזהב',1,0),(96,'Product',1408,'תו הזהב',1,0),(97,'Product',1408,'תו הזהב',1,0),(98,'Product',1408,'תו הזהב',1,0),(99,'Product',1408,'תו הזהב',1,0),(100,'Package',98,'ערכת חו\"ל',1,0),(101,'Product',1408,'תו הזהב',1,0),(102,'Product',1408,'תו הזהב',1,0),(103,'Product',1419,'סט מגבות של ערד',1,0),(104,'Product',1408,'תו הזהב',1,0),(105,'Product',1412,'מטחנת בשר chromex',1,0),(106,'Product',1408,'תו הזהב',1,0),(107,'Package',92,'חבילת טקסטיל ורדינון',1,0),(107,'Product',1419,'סט מגבות של ערד',1,378),(108,'Product',1408,'תו הזהב',1,0),(109,'Product',1419,'סט מגבות של ערד',1,0),(109,'Package',92,'חבילת טקסטיל ורדינון',1,378),(110,'Package',92,'חבילת טקסטיל ורדינון',1,0),(111,'Product',1408,'תו הזהב',1,0),(112,'Product',1415,'סט בישול 5 חלקים thermo spot- נעמן',1,0),(112,'Package',95,'סט חגיגי לחורף מפנק במארז מתנה – ורדינון',1,378),(113,'Product',1408,'תו הזהב',1,0),(114,'Product',1408,'תו הזהב',1,0),(115,'Product',1408,'תו הזהב',1,0),(116,'Package',92,'חבילת טקסטיל ורדינון',1,0),(117,'Product',1399,'סט סירים 5 חלקים richstone שיש זהב וכסף יציקת אלומיניום סולתם',1,0),(118,'Product',1408,'תו הזהב',1,0),(119,'Product',1408,'תו הזהב',1,0),(120,'Product',1408,'תו הזהב',1,0),(121,'Product',1408,'תו הזהב',1,0),(122,'Package',94,'ערכת קמפינג',1,0),(122,'Product',1331,'אופה פיצות ולחמים',1,378),(123,'Package',103,'סט למיטות יחד ושמיכת פוך',1,0),(124,'Product',1408,'תו הזהב',1,0),(125,'Product',1408,'תו הזהב',1,0),(126,'Product',1415,'סט בישול 5 חלקים thermo spot- נעמן',1,0),(127,'Product',1408,'תו הזהב',1,0),(128,'Product',1408,'תו הזהב',1,0),(129,'Product',1408,'תו הזהב',1,0),(130,'Product',1408,'תו הזהב',1,0),(131,'Product',1408,'תו הזהב',1,0),(132,'Product',1408,'תו הזהב',1,0),(133,'Product',1408,'תו הזהב',1,0),(134,'Product',1337,'מיקסר חשמלי מבית graetz',1,0),(135,'Package',92,'חבילת טקסטיל ורדינון',1,0),(135,'Package',97,'מארז שף מקצועי 7 חלקים נעמן',1,378),(136,'Package',101,'סט חדר שינה זוגי YARD&CO',1,0),(137,'Package',96,'מערכת בישול מושלמת למטבח נעמן',1,0),(138,'Product',1412,'מטחנת בשר chromex',1,0),(138,'Product',1284,'מערכת שמע עוצמתית דגם queen',1,378),(139,'Package',96,'מערכת בישול מושלמת למטבח נעמן',1,0),(139,'Package',92,'חבילת טקסטיל ורדינון',1,378),(140,'Product',1408,'תו הזהב',1,0),(141,'Product',1408,'תו הזהב',1,0),(142,'Product',1408,'תו הזהב',1,0),(143,'Product',1408,'תו הזהב',1,0),(144,'Product',1408,'תו הזהב',1,0),(145,'Product',1408,'תו הזהב',1,0),(146,'Package',101,'סט חדר שינה זוגי YARD&CO',1,0),(147,'Package',94,'ערכת קמפינג',1,0),(148,'Product',1408,'תו הזהב',1,0),(149,'Product',1408,'תו הזהב',1,0),(150,'Product',1408,'תו הזהב',1,0),(151,'Product',1415,'סט בישול 5 חלקים thermo spot- נעמן',1,0),(152,'Product',1408,'תו הזהב',1,0),(154,'Product',1331,'אופה פיצות ולחמים',1,0);
/*!40000 ALTER TABLE `tbl_order_details` ENABLE KEYS */;
UNLOCK TABLES;

--
-- Table structure for table `tbl_orders`
--

DROP TABLE IF EXISTS `tbl_orders`;
/*!40101 SET @saved_cs_client     = @@character_set_client */;
/*!40101 SET character_set_client = utf8 */;
CREATE TABLE `tbl_orders` (
  `order_id` int(11) NOT NULL AUTO_INCREMENT,
  `order_guid` char(36) NOT NULL,
  `user_id` int(11) NOT NULL,
  `order_amount` float(6,2) NOT NULL DEFAULT 0.00,
  `used_credits` int(11) NOT NULL DEFAULT 0,
  `credit_card_amount` int(11) NOT NULL DEFAULT 0,
  `address_mode` varchar(100) NOT NULL,
  `pickup_address` varchar(500) DEFAULT NULL,
  `city` varchar(200) DEFAULT NULL,
  `apartment` varchar(200) DEFAULT NULL,
  `street_house` varchar(200) DEFAULT NULL,
  `postal_code` varchar(200) DEFAULT NULL,
  `order_status` enum('Created','Cancelled') DEFAULT 'Created',
  `payment_id` text DEFAULT NULL COMMENT '(Credit2000 Payment ID)',
  `payment_status` enum('Pending','Success','Failed') DEFAULT NULL,
  `payment_response` text DEFAULT NULL,
  `created_date` datetime NOT NULL,
  `cancelled_date` datetime DEFAULT NULL,
  PRIMARY KEY (`order_id`),
  KEY `user_id` (`user_id`),
  CONSTRAINT `tbl_orders_ibfk_1` FOREIGN KEY (`user_id`) REFERENCES `tbl_users` (`user_id`) ON DELETE CASCADE
) ENGINE=InnoDB AUTO_INCREMENT=155 DEFAULT CHARSET=utf8mb3;
/*!40101 SET character_set_client = @saved_cs_client */;

--
-- Dumping data for table `tbl_orders`
--

LOCK TABLES `tbl_orders` WRITE;
/*!40000 ALTER TABLE `tbl_orders` DISABLE KEYS */;
INSERT INTO `tbl_orders` VALUES (75,'6e04f126-2200-2c3f-8970-224aa4f10438',302,0.00,0,0,'Pickup','משה שרת 1 ראשון לציון ',NULL,NULL,NULL,NULL,'Cancelled',NULL,'Success',NULL,'2022-08-25 17:10:24','2022-08-25 17:13:18'),(76,'b8d4b59b-378e-754e-d1d3-67a8edda9c22',301,0.00,0,0,'Pickup','משה שרת 1 ראשון לציון ',NULL,NULL,NULL,NULL,'Cancelled',NULL,'Success',NULL,'2022-08-25 17:10:25','2022-08-25 17:12:40'),(77,'efff106b-dea8-c8bd-a139-7fae1a855900',301,0.00,0,0,'Pickup','משה שרת 1 ראשון לציון ',NULL,NULL,NULL,NULL,'Cancelled',NULL,'Success',NULL,'2022-08-25 17:13:18','2022-08-28 16:12:40'),(78,'ee03ba7c-628e-ff39-a033-b4e6f903ef4c',302,0.00,0,0,'Pickup','משה שרת 1 ראשון לציון ',NULL,NULL,NULL,NULL,'Cancelled',NULL,'Success',NULL,'2022-08-25 17:13:54','2022-08-25 17:14:44'),(79,'3a8b3e6b-1c69-efa4-f49a-678f582b20ee',279,0.00,0,0,'Pickup','משה שרת 1 ראשון לציון ',NULL,NULL,NULL,NULL,'Created',NULL,'Success',NULL,'2022-08-25 17:19:41',NULL),(80,'31be5c98-31ff-d559-d970-dd2e908b6a3a',297,0.00,0,0,'Pickup','משה שרת 1 ראשון לציון ',NULL,NULL,NULL,NULL,'Created',NULL,'Success',NULL,'2022-08-25 17:27:13',NULL),(81,'acd34c13-eed4-3b81-f2b2-a5c31e2ef27d',282,0.00,0,0,'Pickup','משה שרת 1 ראשון לציון ',NULL,NULL,NULL,NULL,'Created',NULL,'Success',NULL,'2022-08-25 17:32:25',NULL),(82,'d99a3805-6d52-218c-2d35-b28bd1fdc930',273,0.00,0,0,'Pickup','משה שרת 1 ראשון לציון ',NULL,NULL,NULL,NULL,'Created',NULL,'Success',NULL,'2022-08-25 17:32:38',NULL),(83,'e1977254-7f60-201e-3f8f-942a781f730c',266,0.00,0,0,'Pickup','משה שרת 1 ראשון לציון ',NULL,NULL,NULL,NULL,'Created',NULL,'Success',NULL,'2022-08-25 17:55:31',NULL),(84,'0b9ee9fe-2b3d-d21d-eec8-af5109f40b3c',294,0.00,0,0,'Pickup','משה שרת 1 ראשון לציון ',NULL,NULL,NULL,NULL,'Created',NULL,'Success',NULL,'2022-08-25 18:36:11',NULL),(85,'7bed0122-9f60-bd46-b377-af2dfa1776be',287,0.00,0,0,'Pickup','משה שרת 1 ראשון לציון ',NULL,NULL,NULL,NULL,'Created',NULL,'Success',NULL,'2022-08-25 18:45:17',NULL),(86,'2ac9c2ec-e8ee-3cac-14d3-e02699552de7',283,0.00,0,0,'Pickup','משה שרת 1 ראשון לציון ',NULL,NULL,NULL,NULL,'Created',NULL,'Success',NULL,'2022-08-25 19:02:14',NULL),(87,'0e3a79f3-a1bd-3838-5297-4a2350adcadc',292,0.00,0,0,'Pickup','משה שרת 1 ראשון לציון ',NULL,NULL,NULL,NULL,'Created',NULL,'Success',NULL,'2022-08-25 19:21:31',NULL),(88,'4c0c8541-5f95-a731-d150-26ed33fd8d59',242,0.00,0,0,'Pickup','משה שרת 1 ראשון לציון ',NULL,NULL,NULL,NULL,'Created',NULL,'Success',NULL,'2022-08-25 20:20:51',NULL),(89,'cbc05fd9-6eaf-c2dc-2774-62faebc5a8bb',240,0.00,0,0,'Pickup','משה שרת 1 ראשון לציון ',NULL,NULL,NULL,NULL,'Created',NULL,'Success',NULL,'2022-08-25 20:44:13',NULL),(90,'fec56b47-e17a-0c5c-aeb3-3c7c4d058cd4',243,0.00,0,0,'Pickup','משה שרת 1 ראשון לציון ',NULL,NULL,NULL,NULL,'Created',NULL,'Success',NULL,'2022-08-25 23:48:53',NULL),(91,'078c3ed5-11fc-943c-31e3-83fd82d9f59d',303,0.00,0,0,'Pickup','משה שרת 1 ראשון לציון ',NULL,NULL,NULL,NULL,'Created',NULL,'Success',NULL,'2022-08-26 09:31:38',NULL),(92,'bf7976a6-7a55-fc3f-ac94-2ca40716d817',288,0.00,0,0,'Pickup','משה שרת 1 ראשון לציון ',NULL,NULL,NULL,NULL,'Created',NULL,'Success',NULL,'2022-08-26 09:39:56',NULL),(93,'ac72dbf0-1cb3-f395-3bf5-1d83fc356d1f',275,0.00,0,0,'Pickup','משה שרת 1 ראשון לציון ',NULL,NULL,NULL,NULL,'Created',NULL,'Success',NULL,'2022-08-26 11:07:01',NULL),(94,'4e5453f6-f309-66db-b4ce-f65efdbc78a6',278,0.00,0,0,'Pickup','משה שרת 1 ראשון לציון ',NULL,NULL,NULL,NULL,'Created',NULL,'Success',NULL,'2022-08-27 08:14:43',NULL),(95,'2d718cd4-53f4-4e86-bc89-53596f1e4010',256,0.00,0,0,'Pickup','משה שרת 1 ראשון לציון ',NULL,NULL,NULL,NULL,'Created',NULL,'Success',NULL,'2022-08-28 07:22:23',NULL),(96,'56e74d25-0324-0a8f-2bf7-c382802170fd',226,0.00,0,0,'Pickup','משה שרת 1 ראשון לציון ',NULL,NULL,NULL,NULL,'Created',NULL,'Success',NULL,'2022-08-28 07:52:42',NULL),(97,'1112642b-e6ae-e303-e3c7-7715271f36fa',265,0.00,0,0,'Pickup','משה שרת 1 ראשון לציון ',NULL,NULL,NULL,NULL,'Created',NULL,'Success',NULL,'2022-08-28 08:09:56',NULL),(98,'885ca007-8a29-dffc-a01e-a834d1e7a017',232,0.00,0,0,'Pickup','משה שרת 1 ראשון לציון ',NULL,NULL,NULL,NULL,'Created',NULL,'Success',NULL,'2022-08-28 08:13:45',NULL),(99,'138c3a62-6f8b-d361-702c-a9e87ea46cad',268,0.00,0,0,'Pickup','משה שרת 1 ראשון לציון ',NULL,NULL,NULL,NULL,'Created',NULL,'Success',NULL,'2022-08-28 08:42:37',NULL),(100,'5cb788e4-df9d-858d-a762-2cb78951ae4b',280,0.00,0,0,'Pickup','משה שרת 1 ראשון לציון ',NULL,NULL,NULL,NULL,'Created',NULL,'Success',NULL,'2022-08-28 08:59:18',NULL),(101,'c00c80d6-f14e-db62-86fd-f38f166f4746',260,0.00,0,0,'Pickup','משה שרת 1 ראשון לציון ',NULL,NULL,NULL,NULL,'Created',NULL,'Success',NULL,'2022-08-28 09:26:47',NULL),(102,'13327e6f-94dd-551a-0a09-d0e351f49508',249,0.00,0,0,'Pickup','משה שרת 1 ראשון לציון ',NULL,NULL,NULL,NULL,'Created',NULL,'Success',NULL,'2022-08-28 09:29:10',NULL),(103,'3c773f5d-9777-9db0-f51b-2cca6c97cd1c',216,0.00,0,0,'Pickup','משה שרת 1 ראשון לציון ',NULL,NULL,NULL,NULL,'Created',NULL,'Success',NULL,'2022-08-28 10:51:43',NULL),(104,'86e680af-32ea-6111-f1ab-63bb1b97e224',286,0.00,0,0,'Pickup','משה שרת 1 ראשון לציון ',NULL,NULL,NULL,NULL,'Created',NULL,'Success',NULL,'2022-08-28 18:24:39',NULL),(105,'34ab4604-5463-608e-6522-5f51a55ca28f',290,0.00,0,0,'Pickup','משה שרת 1 ראשון לציון ',NULL,NULL,NULL,NULL,'Created',NULL,'Success',NULL,'2022-08-28 20:36:36',NULL),(106,'9a9d16a8-6603-d026-20ff-10508ee64bb5',289,0.00,0,0,'Pickup','משה שרת 1 ראשון לציון ',NULL,NULL,NULL,NULL,'Created',NULL,'Success',NULL,'2022-08-28 20:38:56',NULL),(107,'dcd5307c-d6ed-494e-98ad-a26258859468',234,378.00,0,378,'Pickup','משה שרת 1 ראשון לציון ',NULL,NULL,NULL,NULL,'Created','9b46785f-1679-4c21-aab8-a7f0caf6523a','Pending',NULL,'2022-08-29 07:10:27',NULL),(108,'a968697f-d1ec-12f9-29c0-a2dcc08a19f0',299,0.00,0,0,'Pickup','משה שרת 1 ראשון לציון ',NULL,NULL,NULL,NULL,'Created',NULL,'Success',NULL,'2022-08-29 08:43:26',NULL),(109,'873a3311-f931-091a-5729-f3342c513652',234,378.00,0,378,'Pickup','משה שרת 1 ראשון לציון ',NULL,NULL,NULL,NULL,'Created','b911157b-3104-4272-82d8-6e8588099ad5','Pending',NULL,'2022-08-29 13:36:31',NULL),(110,'2b672428-5645-7767-73e4-dec8e28b00bc',234,0.00,0,0,'Pickup','משה שרת 1 ראשון לציון ',NULL,NULL,NULL,NULL,'Cancelled',NULL,'Success',NULL,'2022-08-29 14:17:47','2022-09-05 12:03:22'),(111,'a1b5f2e2-4fc3-ee17-449b-da07a354a495',274,0.00,0,0,'Pickup','משה שרת 1 ראשון לציון ',NULL,NULL,NULL,NULL,'Created',NULL,'Success',NULL,'2022-08-29 16:41:46',NULL),(112,'ff05b029-bf48-0f7f-453f-586d51e28f08',259,378.00,0,378,'Pickup','משה שרת 1 ראשון לציון ',NULL,NULL,NULL,NULL,'Created','51eda9ab-347a-4a24-a237-2471cb70ff0e','Success','{\"Body\":{\"getTokenAndApproveWithParamsResponse\":{\"getTokenAndApproveWithParamsResult\":{\"tz_Number\":\"259\",\"club\":\"1\",\"confirmation_Source\":\"0\",\"action_Type\":\"4\",\"card_Reader\":\"2\",\"client_Name\":[],\"host\":\"https:\\/\\/app.galtex.co.il\\/employees\\/payment_response\",\"stars\":\"0\",\"currency\":\"1\",\"total_Pyment\":\"37800\",\"purchase_Type\":\"1\",\"vendor_Name\":\"cus2095\",\"product_Id\":\"112\",\"return_Code\":\"000\",\"fixed_Amount\":\"00000000\",\"payments_Number\":\"001\",\"first_Payment\":\"37800\",\"Approve\":\"0632767\",\"ValidDate\":\"0724\"},\"cardType\":\"1\",\"token\":\"9244146152146907\"}}}','2022-08-29 16:48:28',NULL),(113,'cf45daeb-f7c5-1ea3-1d6d-89b696b27541',293,0.00,0,0,'Pickup','משה שרת 1 ראשון לציון ',NULL,NULL,NULL,NULL,'Created',NULL,'Success',NULL,'2022-08-29 17:12:00',NULL),(114,'cc36dc39-3162-2bfc-d6ee-91e05f0c63e5',231,0.00,0,0,'Pickup','משה שרת 1 ראשון לציון ',NULL,NULL,NULL,NULL,'Created',NULL,'Success',NULL,'2022-08-29 17:43:44',NULL),(115,'830a9fd9-e5e6-61f0-9bd4-9a238d4d59fa',262,0.00,0,0,'Pickup','משה שרת 1 ראשון לציון ',NULL,NULL,NULL,NULL,'Created',NULL,'Success',NULL,'2022-08-29 18:01:10',NULL),(116,'9f45064a-cbae-7845-c543-69ade1d6e651',251,0.00,0,0,'Pickup','משה שרת 1 ראשון לציון ',NULL,NULL,NULL,NULL,'Created',NULL,'Success',NULL,'2022-08-29 20:58:13',NULL),(117,'9cb425e0-8eac-d559-c997-8e2006bbe991',261,0.00,0,0,'Pickup','משה שרת 1 ראשון לציון ',NULL,NULL,NULL,NULL,'Created',NULL,'Success',NULL,'2022-08-29 21:53:50',NULL),(118,'a27466b7-6dfc-aacd-44a2-cc1ca0a5bf40',233,0.00,0,0,'Pickup','משה שרת 1 ראשון לציון ',NULL,NULL,NULL,NULL,'Created',NULL,'Success',NULL,'2022-08-29 23:21:34',NULL),(119,'f87d4cdf-95f2-cc92-92b1-98505b3536ac',227,0.00,0,0,'Pickup','משה שרת 1 ראשון לציון ',NULL,NULL,NULL,NULL,'Created',NULL,'Success',NULL,'2022-08-29 23:48:18',NULL),(120,'e45de536-86f2-b33c-88b8-6d172edd2fc8',257,0.00,0,0,'Pickup','משה שרת 1 ראשון לציון ',NULL,NULL,NULL,NULL,'Created',NULL,'Success',NULL,'2022-08-30 07:08:51',NULL),(121,'1731b2a3-eb27-f36e-86a8-1d40ee73b589',276,0.00,0,0,'Pickup','משה שרת 1 ראשון לציון ',NULL,NULL,NULL,NULL,'Created',NULL,'Success',NULL,'2022-08-30 07:25:40',NULL),(122,'ab1f939b-1955-2f47-6e46-eef3857e54a0',223,378.00,0,378,'Pickup','משה שרת 1 ראשון לציון ',NULL,NULL,NULL,NULL,'Created','24609ac5-91ef-40e1-8378-2ac00c7b97cd','Success','{\"Body\":{\"getTokenAndApproveWithParamsResponse\":{\"getTokenAndApproveWithParamsResult\":{\"tz_Number\":\"223\",\"club\":\"1\",\"confirmation_Source\":\"0\",\"action_Type\":\"4\",\"card_Reader\":\"2\",\"client_Name\":[],\"host\":\"https:\\/\\/app.galtex.co.il\\/employees\\/payment_response\",\"stars\":\"0\",\"currency\":\"1\",\"total_Pyment\":\"37800\",\"purchase_Type\":\"1\",\"vendor_Name\":\"cus2095\",\"product_Id\":\"122\",\"return_Code\":\"000\",\"fixed_Amount\":\"00000000\",\"payments_Number\":\"001\",\"first_Payment\":\"37800\",\"Approve\":\"0484686\",\"ValidDate\":\"0227\"},\"cardType\":\"1\",\"token\":\"9242177931227521\"}}}','2022-08-30 16:48:41',NULL),(123,'38e08061-081f-eaca-02e8-e26cbe5bc966',302,0.00,0,0,'Pickup','משה שרת 1 ראשון לציון ',NULL,NULL,NULL,NULL,'Created',NULL,'Success',NULL,'2022-08-30 22:18:08',NULL),(124,'b84821c2-c2fc-612f-d4f7-6563dc4f3b8e',222,0.00,0,0,'Pickup','משה שרת 1 ראשון לציון ',NULL,NULL,NULL,NULL,'Created',NULL,'Success',NULL,'2022-08-31 14:09:10',NULL),(125,'a933e703-d394-07ed-83df-b3c39850521b',270,0.00,0,0,'Pickup','משה שרת 1 ראשון לציון ',NULL,NULL,NULL,NULL,'Created',NULL,'Success',NULL,'2022-08-31 18:02:31',NULL),(126,'8728c7b3-b14a-6ac9-ef39-634fbd161c29',237,0.00,0,0,'Pickup','משה שרת 1 ראשון לציון ',NULL,NULL,NULL,NULL,'Created',NULL,'Success',NULL,'2022-08-31 19:15:09',NULL),(127,'7464176a-bd9f-1416-af9d-1f08fbcaf696',308,0.00,0,0,'Pickup','משה שרת 1 ראשון לציון ',NULL,NULL,NULL,NULL,'Created',NULL,'Success',NULL,'2022-09-01 09:30:21',NULL),(128,'e1166b08-2d2f-58d8-1bc3-1abcdb01c91f',228,0.00,0,0,'Pickup','משה שרת 1 ראשון לציון ',NULL,NULL,NULL,NULL,'Created',NULL,'Success',NULL,'2022-09-01 14:51:43',NULL),(129,'70bcef72-0602-8ecb-c8f0-1393de8e5304',281,0.00,0,0,'Pickup','משה שרת 1 ראשון לציון ',NULL,NULL,NULL,NULL,'Created',NULL,'Success',NULL,'2022-09-03 12:58:50',NULL),(130,'c55fb982-e11d-e82b-755f-04f4bd1041b4',255,0.00,0,0,'Pickup','משה שרת 1 ראשון לציון ',NULL,NULL,NULL,NULL,'Created',NULL,'Success',NULL,'2022-09-04 01:27:38',NULL),(131,'9c2eb9f5-e71c-563a-d427-5f88a1a568d2',236,0.00,0,0,'Pickup','משה שרת 1 ראשון לציון ',NULL,NULL,NULL,NULL,'Created',NULL,'Success',NULL,'2022-09-04 09:06:40',NULL),(132,'331de885-3a38-bcbb-1f66-88c89c01c672',300,0.00,0,0,'Pickup','משה שרת 1 ראשון לציון ',NULL,NULL,NULL,NULL,'Created',NULL,'Success',NULL,'2022-09-04 10:03:46',NULL),(133,'d3a2ed90-ee0f-67c9-e93d-0ffff6b67187',310,0.00,0,0,'Pickup','משה שרת 1 ראשון לציון ',NULL,NULL,NULL,NULL,'Created',NULL,'Success',NULL,'2022-09-04 11:14:57',NULL),(134,'888eed01-95b2-00be-8694-d9d7dbb73e2b',284,0.00,0,0,'Pickup','משה שרת 1 ראשון לציון ',NULL,NULL,NULL,NULL,'Created',NULL,'Success',NULL,'2022-09-04 23:36:14',NULL),(135,'c72705ae-076b-6921-4f07-57aace843428',267,378.00,0,378,'Pickup','משה שרת 1 ראשון לציון ',NULL,NULL,NULL,NULL,'Created','da8b4cbd-8150-4b08-91df-7a3bc031bfcb','Success','{\"Body\":{\"getTokenAndApproveWithParamsResponse\":{\"getTokenAndApproveWithParamsResult\":{\"tz_Number\":\"267\",\"club\":\"2\",\"confirmation_Source\":\"0\",\"action_Type\":\"4\",\"card_Reader\":\"2\",\"client_Name\":[],\"host\":\"https:\\/\\/app.galtex.co.il\\/employees\\/payment_response\",\"stars\":\"0\",\"currency\":\"1\",\"total_Pyment\":\"37800\",\"purchase_Type\":\"1\",\"vendor_Name\":\"cus2095\",\"product_Id\":\"135\",\"return_Code\":\"000\",\"fixed_Amount\":\"00000000\",\"payments_Number\":\"001\",\"first_Payment\":\"37800\",\"Approve\":\"0795641\",\"ValidDate\":\"0726\"},\"cardType\":\"2\",\"token\":\"9201195210934745\"}}}','2022-09-05 10:19:42',NULL),(136,'6cec5f6a-c240-e746-3f32-220fbcdb64ae',245,0.00,0,0,'Pickup','משה שרת 1 ראשון לציון ',NULL,NULL,NULL,NULL,'Created',NULL,'Success',NULL,'2022-09-05 11:11:44',NULL),(137,'27072287-39d0-cb4f-b266-c251a81f8fd0',214,0.00,0,0,'Pickup','משה שרת 1 ראשון לציון ',NULL,NULL,NULL,NULL,'Created',NULL,'Success',NULL,'2022-09-05 11:23:24',NULL),(138,'cf96e890-ce58-60b7-6c95-8f7daace1654',224,378.00,0,378,'Pickup','משה שרת 1 ראשון לציון ',NULL,NULL,NULL,NULL,'Created','b1e09bd7-45ad-4717-a309-36e98d3da4f8','Success','{\"Body\":{\"getTokenAndApproveWithParamsResponse\":{\"getTokenAndApproveWithParamsResult\":{\"tz_Number\":\"011101342\",\"club\":\"2\",\"confirmation_Source\":\"0\",\"action_Type\":\"4\",\"card_Reader\":\"2\",\"client_Name\":[],\"host\":\"https:\\/\\/app.galtex.co.il\\/employees\\/payment_response\",\"stars\":\"0\",\"currency\":\"1\",\"total_Pyment\":\"37800\",\"purchase_Type\":\"1\",\"vendor_Name\":\"cus2095\",\"product_Id\":\"138\",\"return_Code\":\"000\",\"fixed_Amount\":\"00000000\",\"payments_Number\":\"001\",\"first_Payment\":\"37800\",\"Approve\":\"0010685\",\"ValidDate\":\"0825\"},\"cardType\":\"2\",\"token\":\"9230721322006024\"}}}','2022-09-05 11:43:27',NULL),(139,'9daeff1b-3729-150b-3c2c-73f30fa07246',234,378.00,0,378,'Pickup','משה שרת 1 ראשון לציון ',NULL,NULL,NULL,NULL,'Created','ad826b5e-ad2f-4d0f-8b8d-a128e6e6db66','Success','{\"Body\":{\"getTokenAndApproveWithParamsResponse\":{\"getTokenAndApproveWithParamsResult\":{\"tz_Number\":\"234\",\"club\":\"1\",\"confirmation_Source\":\"0\",\"action_Type\":\"4\",\"card_Reader\":\"2\",\"client_Name\":[],\"host\":\"https:\\/\\/app.galtex.co.il\\/employees\\/payment_response\",\"stars\":\"0\",\"currency\":\"1\",\"total_Pyment\":\"37800\",\"purchase_Type\":\"1\",\"vendor_Name\":\"cus2095\",\"product_Id\":\"139\",\"return_Code\":\"000\",\"fixed_Amount\":\"00000000\",\"payments_Number\":\"001\",\"first_Payment\":\"37800\",\"Approve\":\"0934969\",\"ValidDate\":\"0425\"},\"cardType\":\"1\",\"token\":\"9641286510512506\"}}}','2022-09-05 12:03:44',NULL),(140,'874b5177-0926-8af2-172c-ffebae70c757',241,0.00,0,0,'Pickup','משה שרת 1 ראשון לציון ',NULL,NULL,NULL,NULL,'Created',NULL,'Success',NULL,'2022-09-05 14:00:24',NULL),(141,'af48248a-967a-af5e-8600-997811af70d8',235,0.00,0,0,'Pickup','משה שרת 1 ראשון לציון ',NULL,NULL,NULL,NULL,'Created',NULL,'Success',NULL,'2022-09-06 10:17:19',NULL),(142,'d3015d18-9a7e-7252-4627-2fc86ff069b4',246,0.00,0,0,'Pickup','משה שרת 1 ראשון לציון ',NULL,NULL,NULL,NULL,'Created',NULL,'Success',NULL,'2022-09-07 00:27:23',NULL),(143,'997af6e6-e09a-a80b-f81d-0f977c2ebf7e',298,0.00,0,0,'Pickup','משה שרת 1 ראשון לציון ',NULL,NULL,NULL,NULL,'Created',NULL,'Success',NULL,'2022-09-07 07:27:46',NULL),(144,'9fa1a68b-d674-ca10-fc3d-809ff2584d60',217,0.00,0,0,'Pickup','משה שרת 1 ראשון לציון ',NULL,NULL,NULL,NULL,'Created',NULL,'Success',NULL,'2022-09-07 09:48:03',NULL),(145,'3e6095c7-5ea9-734a-1bb6-d7d6c597f391',269,0.00,0,0,'Pickup','משה שרת 1 ראשון לציון ',NULL,NULL,NULL,NULL,'Created',NULL,'Success',NULL,'2022-09-07 10:13:19',NULL),(146,'46231baf-e655-19ce-739d-3a4daa72f657',247,0.00,0,0,'Pickup','משה שרת 1 ראשון לציון ',NULL,NULL,NULL,NULL,'Created',NULL,'Success',NULL,'2022-09-07 10:20:22',NULL),(147,'7551eb89-14d1-34b1-4eea-63786e99d40a',271,0.00,0,0,'Pickup','משה שרת 1 ראשון לציון ',NULL,NULL,NULL,NULL,'Created',NULL,'Success',NULL,'2022-09-07 10:57:47',NULL),(148,'c75f0e35-ff65-9688-51bd-6c0100e5536d',272,0.00,0,0,'Pickup','משה שרת 1 ראשון לציון ',NULL,NULL,NULL,NULL,'Created',NULL,'Success',NULL,'2022-09-07 11:28:48',NULL),(149,'31c548c7-db16-a950-c81a-ef2e694a636f',264,0.00,0,0,'Pickup','משה שרת 1 ראשון לציון ',NULL,NULL,NULL,NULL,'Created',NULL,'Success',NULL,'2022-09-07 13:56:49',NULL),(150,'b52e283f-192c-49a8-6c12-8cbdddfc4114',238,0.00,0,0,'Pickup','משה שרת 1 ראשון לציון ',NULL,NULL,NULL,NULL,'Created',NULL,'Success',NULL,'2022-09-07 15:00:08',NULL),(151,'37514df1-22c4-66a1-1799-371925fd6e7e',218,0.00,0,0,'Pickup','משה שרת 1 ראשון לציון ',NULL,NULL,NULL,NULL,'Created',NULL,'Success',NULL,'2022-09-07 16:15:15',NULL),(152,'aeefd6aa-9f26-f0a4-51c5-96b1130b6456',291,0.00,0,0,'Pickup','משה שרת 1 ראשון לציון ',NULL,NULL,NULL,NULL,'Created',NULL,'Success',NULL,'2022-09-07 22:27:28',NULL),(154,'125138de-9ab3-9535-5cdb-7eada494560d',313,0.00,0,0,'Pickup','משה שרת 1 ראשון לציון ',NULL,NULL,NULL,NULL,'Created',NULL,'Success',NULL,'2023-04-03 18:55:28',NULL);
/*!40000 ALTER TABLE `tbl_orders` ENABLE KEYS */;
UNLOCK TABLES;

--
-- Table structure for table `tbl_products`
--

DROP TABLE IF EXISTS `tbl_products`;
/*!40101 SET @saved_cs_client     = @@character_set_client */;
/*!40101 SET character_set_client = utf8 */;
CREATE TABLE `tbl_products` (
  `product_id` int(11) NOT NULL AUTO_INCREMENT,
  `product_guid` char(36) NOT NULL,
  `product_category_id` int(11) NOT NULL,
  `product_name` varchar(250) NOT NULL,
  `product_descprition` text NOT NULL,
  `product_main_photo` text NOT NULL,
  `min_price` int(10) unsigned NOT NULL,
  `max_price` int(10) unsigned NOT NULL,
  `warranty` varchar(200) DEFAULT NULL,
  `product_gallery_images` text DEFAULT NULL,
  `created_date` datetime NOT NULL,
  `modified_date` datetime DEFAULT NULL,
  PRIMARY KEY (`product_id`)
) ENGINE=InnoDB AUTO_INCREMENT=1425 DEFAULT CHARSET=utf8mb3;
/*!40101 SET character_set_client = @saved_cs_client */;

--
-- Dumping data for table `tbl_products`
--

LOCK TABLES `tbl_products` WRITE;
/*!40000 ALTER TABLE `tbl_products` DISABLE KEYS */;
INSERT INTO `tbl_products` VALUES (1280,'9301a18d-cdfb-7871-30d4-2a9cfbfc5bd2',37,'מיניספיקר בלות\' דגם: רדיוהד','מיניספיקר רמקול בלוט\' נייד\r\nתצוגה דיגיטלית, תאורת לד מתחלפת\r\n\r\n3.7V 1200mA\r\nמידות 4\"*2','1646056092-8a9598af-c547-5b66-0260-af4c03ed58fa.jpg',80,120,'שנה','[]','2022-02-28 15:48:12','2022-02-28 20:15:34'),(1281,'7dbc39dd-7730-7b74-5cf7-b43989287fcb',37,'מערכת שמע עוצמתית דגם: מטליק','מערכת שמע עוצמתית, בעלת כל החיבורים החכמים: BLUT,AUX,USB,SD וכו..\r\nהמערכת בעלת צג דיגיטלי ובורר עוצמה מעגלי.\r\nבנוסף תקבלו: \r\n- שלט רחוק.\r\n- מקרופון חוטי.\r\n-תאורת לד מגניבה.','1646056092-c735465d-3eaa-09c1-b3d7-6e89dbefd849.jpg',150,199,'שנה','[\"1646056092-ae3a2de0-7df1-7b18-c9d8-8644d0a594e6.jpg\",\"1646056092-175402d2-b894-0290-f682-feed2145ab10.jpg\"]','2022-02-28 15:48:12','2022-02-28 20:14:08'),(1282,'616afbb5-ade8-d519-d4d8-da944cfb2c68',37,'מיניספיקר - שעון big ban','בלות\', צג דיגיטלי ושעון מעורר\r\n\r\nכולל את כל הכניסות החכמות AUX, USB וכו\'.\r\n\r\nרמת שמע MP3.','1646056092-322b3b8d-8c59-9a33-45cc-6574110776a4.jpg',50,100,'שנה','[\"1646056092-186b7a41-36e5-334f-3ebe-c5d4c7e04a68.jpg\",\"1646056092-8ca57c00-e5ad-8ebe-a6d9-fca92b308ca1.jpg\",\"1646056092-622427f7-ceba-0a94-799f-58156c913619.jpg\",\"1646056092-0e1cfeda-6b71-6756-6a9e-c2a002d7d478.jpg\",\"1646056092-54efbd5a-9a99-653b-449e-a2f2f261bb4f.jpg\"]','2022-02-28 15:48:12','2022-02-28 20:09:04'),(1283,'3c55354e-66d4-b9ac-8651-a16ccfba4150',34,'מיוזיק בוקס מנורה-הילה','מערכת שמע בלוטוס ופוואר-בנק 4000/MAH\r\n\r\nכולל כניסת USB וכרטיס זיכרון\r\n\r\nאפשרות ל 3 עוצמות תאורה בבסיס הנורה\r\n\r\nניתן להחליף את צבעי הבסיס על ידי מגע בחיישן התאורה (הנמצא במרכז הנורה) – טאץ\'\r\n\r\n35 נורות לד','1646056092-437feda9-e572-c409-140c-601b3f4f71ac.jpg',50,100,'שנה','[\"1646056092-1598df94-91a7-c304-ef0a-260bc6092834.jpg\",\"1646056092-ae3bc933-5228-e718-3481-bbdcd51a8e1f.jpg\",\"1646056092-a9cb2ac8-17d0-097c-aa23-dc36aeeaefa7.jpg\"]','2022-02-28 15:48:12','2022-02-28 20:07:31'),(1284,'4cb19492-5145-5271-9db9-08b2b72e8fd5',37,'מערכת שמע עוצמתית דגם queen','מערכת שמע עוצמתית\', אלחוטית עם ידית מתקפלת ארגונומית לנשיאה בקלות וביעילות.\r\nבעלת כל החיבורים החכמים כולל אפשרות חיבור למיקרופון נייד. בעלת אפשרויות נרחבות לשליטה בסאונד.\r\nמאפיינים:\r\n- צג דיגיטלי.\r\n- פלטת שליטה בסאונד.\r\n- אפשרות לחיבור מיקרופון נייד.\r\n- חיבור למיקסר חיצוני.','1646573998-58047e3e-37d5-afeb-0b06-6f6a8d497cb7.jpeg',350,450,'שנה','[\"1646573994-c5f0d667-3401-071d-f25c-0dc516f29e28.jpeg\"]','2022-02-28 15:48:13','2022-08-22 14:09:54'),(1285,'154db77f-9876-8f85-a98d-b4715a2a74ae',37,'מיניספיקר בלות\' דגם: mohar','כולל תאורת לד\r\nחיבורי FM / MIC / USB / TF / AUX\r\nסוללה נטענת מובנית\r\nסוללה: 3.7V 1500mAh','1646056093-49ace566-d442-4123-b5ff-6a33444be434.jpg',50,100,'שנה','[\"1646056093-1913442b-2044-1136-1edd-18b31859dacc.jpg\"]','2022-02-28 15:48:13','2022-02-28 20:01:17'),(1286,'305b247b-bbf4-4c0e-a076-6266e1725e94',36,'מארז 5 מגבות גוף דגם עדן','מגבות 100% כותנה בעלות מגע קטיפתי ונעים.\r\nמידות 140*70\r\n\r\n550 גרם','1646056093-220b43c1-1b92-612e-d8ea-44c29a0f3aaa.png',100,145,'שנה','[\"1646056093-1fba501b-6b11-f0eb-bafc-3fe4de41fe5d.jpg\"]','2022-02-28 15:48:13','2022-02-28 19:59:21'),(1287,'7f96dbd0-c879-a24e-eb41-03bffbdb6d1c',36,'מארז 4 מגבות פנים דגם: חרצית','מארז מהודר בצלופן.\r\n\r\nמכיל 4 מגבות פנים איכותיות במידות 30X70','1646056093-f314da05-c2ab-6975-a789-0d5df2b1af0c.jpg',50,70,'שנה','[]','2022-02-28 15:48:13','2022-02-28 19:57:08'),(1288,'30c18839-22bb-12b4-7813-ca1ed4cdbe06',36,'סט 5 מגבות פנים דגם תמר','מארז 5 מגבות פנים איכותיות במידות 30X70\r\n\r\nגוונים שונים לבחירה','1646056093-98557061-a249-dfa4-87ab-d70054ef17b4.jpg',100,150,'שנה','[\"1646056093-c1460c90-2c5e-3a72-9347-ead83d825173.jpg\"]','2022-02-28 15:48:13','2022-02-28 19:56:15'),(1289,'a772193b-2496-8b04-4552-42dd89220c33',36,'מגבת גוף דגם שקד','מידות 140*70\r\n\r\n650 גרם\r\n\r\n100% כותנה\r\nמגוון צבעים לבחירה','1646056093-b084da0b-07b9-24f0-a237-0a11d006d76f.jpg',35,55,'שנה','[]','2022-02-28 15:48:13','2022-02-28 19:53:13'),(1290,'e826c847-03ac-9927-9bde-5aec8576dde2',36,'שמיכת מינק luxurious',' שמיכת מינק דגם LUXURIOUS, מסדרת המותגים של EAGLE EYE,  עשויה חומר סינטטי משולב בחומרים טבעיים מילוי הולופייבר ואריג חיצוני עשוי מחומרים נושמים וסופגים השומרים ומבודדים מפני לחות.\r\nמיוצר בטכנולוגיה חדישה המפחיתה זיעה ומווסתת את טמפרטורת הגוף.\r\n\r\nדרגת חימום: דרגה 6 (הגבוהה ביותר)\r\n\r\nמשקל: 2.5 ק”ג','1646056093-a1ff13e8-e756-2740-96d8-eec1f874cb6d.png',250,349,'שנה','[\"1646056093-ebcde9a1-dd7c-7d73-17c7-e808659aa8d1.png\",\"1646056093-709e7114-b143-4957-f9e5-37070996a6df.jpg\"]','2022-02-28 15:48:13','2022-03-02 13:57:52'),(1292,'dec1bf9f-9be3-4d06-755a-c5f659029ec2',35,'סט קופסאות  וואקום דגם: קלמטה','סט 2 קופסאות ואקום לשמירה על טריות ומשאבה ידנית.\r\n\\n\r\n\\nהקופסאות עשויות פלסטיק חזק ועמיד במיוחד ושומרות על הסדר והטריות במטבח.\r\n\\n\r\n\\nתכולת הקופסאות: 1.1 ליטר, 2.2 ליטר.\r\n\\n\r\n\\nהקופסאות מתאימות להקפאה ולהדחה במדיח כלים.','1646070687-14ec3a8f-d38c-5278-3e12-1ceee3f8a5e1.jpg',100,200,'שנה','[\"1646070666-e70d7640-2620-c8ae-52d4-d1436915efb4.jpg\",\"1646070673-7880647d-1d1b-affe-5e81-e7e7bb989cf0.jpg\",\"1646070679-dd27ef77-0051-4b94-6438-e0f15e92b239.jpg\"]','2022-02-28 15:48:14','2022-02-28 19:51:27'),(1293,'604302b8-e741-126f-6c6c-84ffb5e8739f',35,'סכום 24 חלקים 18/10 דגם טורטליני','סט סכו\"ם 24 חלקים עושי פלדת אל חלד 18/10, דגם טורטליני מבית Perito moreno. מערכת סכום יוקרתית ל – 6 סועדים בעלת עיצוב ומראה מודרני המשדרג את חווית האכילה שלך ושל הסובבים אותך.\r\n\r\nמפרט טכני:\r\n\r\nפלדת אל חלד 18/10. \r\nסט 6 סועדים הכולל כפות כפיות מזלגות וסכינים.\r\nמתאים למדיח כלים.\r\nסכינים מתאימים לחיתוך בשר.','1646056094-828612c9-31a2-88b9-7f15-7a787200603a.png',150,215,'שנה','[\"1646056094-fa50e930-3f52-45e6-275e-9aed3d14f643.jpg\",\"1646056094-2bc935c7-03e2-8a10-7f58-d7b796aa33a5.jpg\"]','2022-02-28 15:48:14','2022-02-28 19:50:28'),(1294,'bfa39c9e-26cf-28a7-29fe-d3d0b51666a7',35,'5 כלי ששת לבישול והגשה','סט 5 כלי ששת מתכת אל חלד לבישול והגשה\r\n\r\nכולל כף מסננת, מצקת, כף הגשה, תרוד וכף לפסטה.','1646056094-8d0f7688-84b9-ced4-fa5e-739f816ded10.png',35,45,'שנה','[]','2022-02-28 15:48:14','2022-02-28 19:49:34'),(1295,'30818497-8a65-fb85-bd6a-fc58cf3225e2',35,'סט למטבח דגם: שרי','סט דגם \'שרי\' עשוי פלסטיק קשיח הכולל:\r\nקערת סלט, כפות הגשה, 4 קעריות סלט אישיות במגוון צבעים, מסחטת פירות הדר עם ראש מתחלף לסחיטת פירות גדולים.','1646056094-95ed5406-e01e-3506-6660-c4e51356cfd4.png',55,90,'שנה','[\"1646056094-2911a037-5962-22ee-f0d3-86ab91f56373.jpg\",\"1646056094-63b696bd-a7c4-a222-1132-036a26654fea.jpg\",\"1646056094-32e116d1-baa8-66cb-832e-f03fcafb3096.jpg\",\"1646056094-fc39d3c3-3f50-ff51-e76e-0c31853f5bfc.jpg\",\"1646056094-9f3cda37-b5c2-9834-7475-072156533396.jpg\"]','2022-02-28 15:48:14','2022-02-28 19:48:53'),(1296,'c7a28bc7-3bba-ad6b-f194-f47c34b69ccc',35,'סט סכיני שף ומשחיז דגם מאסטר שף','סט סכינים, דגם מאסטר שף מבית Perito moreno. סט 4 חלקים, 3 סכיני שף איכותיים בעלי ידיות אחיזה ארגונומיות. הסכינים עשויים פלדת אל חלד 18/10. הערכה כוללת סכין שף, סכין סנטוקו, סכין ירקות ומשחיז מקצועי.\r\n\r\nמפרט טכני:\r\n\r\nסכין שף 20 ס\"מ.\r\nסכין סנטוקו 17ס\"מ.\r\nסכין ירקות: 13ס\"מ.\r\nפלדת אל חלד 18/10.','1646056094-ef288982-3c59-0f7b-7388-9f5ac2f038c6.png',150,225,'שנה','[\"1660492391-e1e77519-093f-e7b6-dbfd-9e932d26ace5.jpg\",\"1660492395-007bafb2-83bc-a613-7dde-4ea73b3f139d.jpg\"]','2022-02-28 15:48:15','2022-08-14 18:53:18'),(1297,'ef556df0-749c-338d-287e-4594f4d29854',34,'מעבד מזון kenwood - דגם: fdp304wh','מנוע 800 וואט לביצועים אופטימאליים, 2 מהירויות + פולס לשימושים שונים ומגוונים.\r\nנפח קערה 2.1 ליטר\r\nקיבולת עבודה 1.2 ליטר\r\nסכין לערבול וקיצוץ מפלדת אל-חלד\r\nדסקית עבה + דסקית דקה, אביזר ללישה, מקציף לביצים, שמנות וכו\'..\r\nניתן לשטוף במדיח כלים.\r\nרגלי גומי ליציבות בעבודה.\r\nמקום לאחסון הכבל.','1646056095-6eee2c86-aa2a-18ad-03d3-6a9d04494f9e.jpg',350,415,'שנה','[]','2022-02-28 15:48:15','2022-02-28 19:43:26'),(1298,'4e3e6a37-270d-37f9-eafa-b06308fed8c9',34,'בלנדר ספורט kenwood - \'דגם bl-237wg\'','בלנדר ליצירת תערובות עשירות ,מזינות ,טעימות, טריות ובריאות.\r\nקל לנשיאה ובטוח לנסיעות\r\n\r\n בלנדר פונקציונאלי 3 ב-1.\r\nעוצמת מנוע 350 וואט.\r\nמיכל 1 ליטר.\r\nעיצוב קומפקטי\r\nפיה נוחה למזיגה ללא מאמץ.\r\n2 מהירויות + פולס.\r\nמטחנה לקיצוץ אגוזים ,עשבי תיבול וקפה .\r\nכוס עבור כמות גדולה להכנת תערובת בריאה ומהנה.\r\nכוס מיוחדת ושימושית לבית ולנסיעות 450 מ\"ל עם מכסה מיוחד ונוח .\r\nניתן לשטוף במדיח כלים.\r\nמידות: גובה: 31.5 ס\"מ, רוחב: 15 ס\"מ, אורך: 17.0 ס\"מ.\r\nמשקל: 1.5  ק\"ג.\r\nגוון: שילוב לבן ירוק','1646056095-6a6ba92b-368d-25c8-2d6c-67b664016e7b.jpg',185,230,'שנה','[\"1646056095-a49ca867-f91c-b752-0000-49fb84a79090.jpg\",\"1646056095-788ada05-587c-2de0-6002-940f88468da4.jpg\",\"1646056095-ecc5ad61-1cf9-6fbe-37eb-5cbc936104d0.jpg\"]','2022-02-28 15:48:15','2022-02-28 19:40:40'),(1299,'c29dd8d3-c992-1efd-109f-8241b106fa78',34,'קוצץ חשמלי 400w דגם \'ספרטה\'','קוצץ חשמלי איכותי וחזק מבית Perito moreno, דגם GX – 501. חותך, קוצץ ומערבב עוצמתי בעל 4 להבים לשימוש קל ומהיר לחיתוך כל סוגי הבשר, ירקות, פירות, עישבי תיבול, גבינות, מאכלי תינוקות, תבלינים ומשקאות. להבים עשויים פלדת אל חלד. כפתור הפעלה ארגונומי. \r\n\r\nתוספות מיוחדות: אופציה להפריד להבים ולהשתמש בשניים מתוך הארבע\r\n\r\nמפרט טכני:\r\n\r\n4 להבים עשויים פלדת אל חלד.\r\nמיכל ערבול עשוי פלסטיק חזק 500ML מתאים לשטיפה במדיח. \r\nהספק 400 W. \r\n2 מהירויות.\r\nמשטח למניעת החלקה.','1646056095-8b142b4c-d3ef-4d82-b6b1-82e60bf209a7.png',135,179,'שנה','[\"1660492421-c43fafbd-09be-d2cf-d64d-4f0d56569537.jpg\",\"1660492423-4ef7401a-d4b8-e586-91ad-bc7d738c6ec4.jpg\"]','2022-02-28 15:48:15','2022-08-14 18:53:48'),(1300,'de9007ee-9f1c-2622-0c39-e3272a031bd0',34,'בלנדר ספורט kenwood - \'דגם smp-060wg\'','דגםSMP-060WG \r\nעוצמת מנוע 300 וואט.\r\n2 בקבוקי ספורט 0.6 ליטר כל אחד.\r\nבקבוק פלסטיק גמיש.\r\nמכסה למיכל שניתן לשתות בנוחות מרבית.\r\nפיה נוחה למזיגה ללא מאמץ.\r\n2 תוכניות  להשגת תוצאה מושלמת.\r\nגומיות בתחתית למניעת החלקה.\r\nניתן לשטוף במדיח כלים.\r\nמידות: גובה: 36 ס\"מ, רוחב: 14.5 ס\"מ, אורך: 14.5 ס\"מ.\r\nמשקל: 1.5 ק\"ג.\r\nגוון: לבן/ירוק.','1646056095-590d63e7-26da-781e-ecf2-74e36d25c47a.jpg',185,225,'שנה','[]','2022-02-28 15:48:15','2022-02-28 19:14:12'),(1301,'65fbf010-5f93-c2a2-5e9c-01bcacb959e6',34,'סט קוצץ, בלנדר מוט ומערבל ידני graetz \'דגם gr-792\'','מערבל יד\r\nקוצץ מיני מהיר\r\nמוט בלנדר\r\nמערבל יד:\r\nהספק 150 וואט,\r\n5 מהירויות הפעלה,\r\n2 זוגות מערבלים ללישה והקצפה.\r\n\r\nקוצץ מיני מהיר :\r\nהספק : 200 וואט, מנוע חזק.\r\nהפעלה בלחיצה אחת.\r\nמיועד לקיצוץ, ריסוק ועיבוד מזון, ירקות, פירות, גבינות, עשבי תיבול, בצל,\r\nפטרוזיליה, אגוזים, שקדים וכד\'. אידיאלי להכנת רטבים/ טחינה.\r\nגוון: אפור / לבן\r\n\r\nמוט בלנדר:\r\nהספק: 180 ואט\r\nמגוון אפשרויות: ריסוק, קיצוץ ועוד\r\nמתאים להכנת מזון לתינוקות: מרקים, רטבים, מחיות, מיצים, שייקים ועוד\r\nמבנה ארגונומי לאחיזה נוחה','1646056095-7ffa5522-f1de-ed4c-a6be-27541a004775.jpg',225,276,'שנה','[\"1646056095-4913de41-5f60-e479-ad79-b5ef90ab2374.jpg\"]','2022-02-28 15:48:15','2022-02-28 19:11:54'),(1302,'d089cf61-74ad-f451-41ff-85f74daad160',34,'מאוורר ללא להבים','מאוורר ללא להבים – בטיחותי בפני ילדים\r\nמתכוונן ופועל על ידי שלט\r\n180 מעלות בנוסף על ציר בסיס (למטה/למעלה)\r\nבעל 10 מצבי מהירות + טיימר\r\nצידוד חשמלי ימין ושמאל צידוד ידני כלפי מעלה ומטה\r\nבעל אישור מכון התקנים הישראלי\r\nניתן לפירוק והרכבה בקלות\r\nקל לניקוי','1646056095-09f0d199-b6a3-fbfb-7c54-757188f91851.png',150,250,'שנה','[\"1646056095-96f9bf9c-d6f3-2f7c-6d56-cae8760993e1.png\",\"1646056095-30f10bfe-d201-eeca-1c7e-ed1b1ca6d799.png\",\"1646056095-8f5b1206-5a31-c0cc-6b1c-9c92354f3704.png\"]','2022-02-28 15:48:15','2022-02-28 19:08:05'),(1303,'bc968636-f718-2ca9-1754-6f6a14461ac1',37,'מזוודת sumith swiss','מזוודת עלייה למטוס 21\r\nתא קדמי נפתח בחלקו העליון לנוחות מירבית\r\nמנעול מובנה.\r\n\r\n','1646056096-c45713df-a3d6-df06-2934-210c59b641d6.png',160,239,'שנה','[\"1646056096-ef560036-d0f7-c4ff-ddfe-2dc555049afd.png\",\"1646056096-e6a24fca-25ee-25d8-4345-615994d229ca.png\"]','2022-02-28 15:48:16','2022-02-28 19:06:10'),(1304,'1175d1d3-cb46-c06e-ecc7-f8d08f85b443',37,'כיסא חוף דגם שזלונג','עשוי אלומיניום ובד קשיח.\r\nמתכוונן למספר מצבים.\r\nמגוון צבעים לבחירה: כחול, אפור או שחור.','1646056096-86eb50dd-57ab-4e92-0858-0419ae67d7ca.png',100,150,'שנה','[]','2022-02-28 15:48:16','2022-02-28 19:04:34'),(1305,'a1daeb61-513e-edfe-8498-763006555f47',37,'זוג צידניות קשיחות','זוג צדניות מפלסטיק קשיח בעלות עמידות חזקה. העגולה מתאימה לטיולי שטח לשמירה על משמעת מים :)\r\nוהמלבנית מתאימה לכל שימוש לשטח או לבית.\r\n8 ליטר + 2.2 ליטר.','1646056096-1efd349d-0f75-5de8-d1d8-bd22d7b826cd.jpg',85,110,'שנה','[]','2022-02-28 15:48:16','2022-02-28 19:04:07'),(1306,'090b3196-0eb5-0427-fef6-c682adef3ff6',37,'שולחן מתקפל דגם black forest','מערכת הישיבה blackforest האיכותית מסדרת המותגים של EAGLE EYE. מערכת הישיבה כוללת, שולחן איכותי ומתקפל מבד בעל מתיחה עוצמתית ומקומות ייעודיים לכוסות שיאפשרו לכם את החוויה המקסימלית הן בחצר הבית והן בשטח. בנוסף, המערכת מגיעה עם 4 כיסאות ייעודיים קטנים ומתקפלים שמאפשרים ישיבה נוחה עם תמיכה יציבות וכניסה נוחה לכייס.','1646223337-4407aa7d-415e-c6c1-2c11-d7979f14df38.png',150,200,'שנה','[\"1646056096-36cf24a6-80a2-3e8e-a088-c586999b20ac.jpg\",\"1646056096-f72e183c-97ec-1ba4-3aa2-b5e4493cd0f9.jpg\",\"1646056096-46b1cfb0-d4ec-c25b-dc06-12fe8843c22e.jpg\",\"1646056096-eaaf4b37-2010-f06d-604b-f1cdec725d0a.jpg\"]','2022-02-28 15:48:16','2022-03-02 14:15:37'),(1307,'845edfa4-8602-d423-c89a-c54aab3564ef',37,'תיק דן  limited','תיק גב דגם דן  Limited, מסדרת התיקים האיכותיים של EAGLE EYE.  \r\n\r\nתיק גב בעל 3 תאים, מערכת גב ורפידות אורטופדיות, תא מרכזי גדול עם תא מרופד לנשיאת מחשב נייד.\r\n\r\nתוספות מיוחדות: כניסת USB ו AUX לטעינת מחשב/פלאפון נייד. בנוסף כניסת AUX לשמיעת מוסיקה.\r\n\r\nרצועת נשיאה אחורית שמאפשרת תלייה של התיק על גבי מזוודה.\r\n\r\nתא נסתר נגד גניבות.','1646056096-5f127b90-a10c-b498-6199-4e2343985a46.png',95,145,'שנה','[\"1646056096-f9e0ccca-9680-5ce8-f830-a0402ea53e9d.jpg\",\"1646056097-05d7b2f3-abde-8b41-18c8-52aa6579b746.jpg\",\"1646067511-2bbb616f-d265-6e17-4f0d-1bfe6d71530b.jpg\"]','2022-02-28 15:48:17','2022-03-01 10:03:20'),(1308,'a8dfa80c-a809-d624-0abc-339311e9c653',37,'תיק ספורט דגם ווימבלדון','תיק ספורט לנשיאה ביד או לתליית אוכף.\r\nבעל תאים מותאמים לבגדים רטובים / נעליים וציוד ספורט.\r\nגוון לבחירה: לבן / כחול / ורוד','1646056097-7c51dc42-3418-cd61-e118-84648a0e71e9.png',65,85,'שנה','[\"1646056097-45219ac9-7c62-777c-ef9a-2fc5a32f1579.jpg\",\"1646056097-ab6cde71-6b8c-d055-d62f-6262e0da1387.jpg\",\"1646056097-ad50544f-fcda-6f2e-e442-6cce30fe0e02.jpg\",\"1646056097-36bdf8ba-249f-1935-bfca-3485ae4cc490.jpg\",\"1646056097-9ece1a38-1535-3ea0-4706-b4bf52e8e092.jpg\"]','2022-02-28 15:48:17','2022-02-28 18:57:16'),(1309,'29cbb643-5013-aaa9-273e-1989e21c648d',37,'תיק swiss דגם zug','תיק גב אלגנטי דגם swiss ZUG מסדרת המותגים האיכותית של Swiss, תיק עשוי חומרים איכותיים בעל 4 תאים גדולים ונגישים המכילים תאי אחסון ואבטוח של מכשירים אלקטרונים. תא ראשי גדול בתוספת תא מרופד לאחסון מחשב נייד עם אפשרות התאמה לגודל הרצוי.\r\n\r\nתוספות מיוחדות: אפשרות לכניסת USB  לסוללה ניידת , תא נסתר בחלקו האחורי של התיק למניעת גנבות.','1646056097-6250d8cf-bc13-1596-7678-2e333d387f2b.jpg',95,130,'שנה','[\"1646056097-80414c15-6961-4108-dc22-571594901502.jpg\",\"1646056097-5e42adbe-98e8-3e80-3ddd-716952213a8f.jpg\",\"1646056097-05721845-8093-bf8b-f0a6-4e176c017eab.jpg\"]','2022-02-28 15:48:17','2022-02-28 18:56:01'),(1310,'0b9416ed-5135-a3b5-fd1d-ddad279d210f',37,'מזוודת swiss','מזוודת עלייה למטוס \"21\r\nתא קדמי נפתח בחלקו העליון לנוחות מירבית.\r\nמנעול מובנה.','1646067236-8f840d07-9b83-d345-1730-210a9a68f5fe.jpg',150,200,'שנה','[\"1646056098-72fa905b-cb74-c1f2-9274-8d5c92cf9728.png\",\"1646067206-34145504-b8b5-133b-a498-93459538dbe9.jpg\",\"1646067213-033f0d34-ee9a-2c37-6824-037f52f79e88.jpg\"]','2022-02-28 15:48:18','2022-02-28 18:53:56'),(1311,'d10ce2b4-7c9c-f470-e672-06c50f506114',37,'ערכת ספורט','ערכת ספורט מבית EAGLE EYE. ערכת ספורט איכותית על מנת לשמור על הכושר גם בתקופת הפוסט קורונה. הערכה מכילה: מזרן יוגה איכותי, חבל קפיצה בעל במשקל המתאים, קפיצי יד עם התנגדות, רצועת גומי לאימוני מתיחה ומעמד אוניברסלי גמיש ויציב עבור טאבלט/פלאפון נייד.','1646056098-eb9a54c3-d9a8-5c9d-fd16-05b95017392e.png',100,150,'שנה','[]','2022-02-28 15:48:18','2022-02-28 18:47:35'),(1312,'49979ccf-5776-5ec0-74c4-213b5baa31ce',34,'אקדח מסאז\' דיגיטלי','אקדח מסאז\' מקצועי ורב שימושי מבית Perito moreno. מקל על נוקשות השריריים והחוליות, עוזר בהזרמת הדם ובהפחתת התכווצויות, משפר את טווח התנועה. מכשיר זה  משמש ספורטאים בכל הענפים. \r\n\r\nמפרט:\r\n\r\nצג דיגיטלי + כבל USB\r\n32 הקשות\r\n4 ראשים מתחליפם\r\nאורך: 23 ס\"מ\r\nרוחב 17 ס\"מ\r\nעובי 6 ס\"מ\r\nמשקל: 715 ג\'','1646056098-613f4f82-8e75-574f-ce23-0e2285be85ed.png',150,250,'שנה','[]','2022-02-28 15:48:18','2022-02-28 18:46:31'),(1313,'d1ccbc50-52a0-052d-041b-7ad61e427526',35,'מארז 8 חלקים סולתם. שווי החלפה: 1755 ש\"ח','סיר 20 ס\"מ 3 ליטר, סיר 24 ס\"מ 5 ליטר סוטז\' 28 ס\"מ, מחבת 20 ס\"מ, מחבת 24 ס\"מ','1646056098-24e8b218-f690-49f4-9af8-7afb75d6e6d8.png',650,1100,'שנה','[]','2022-02-28 15:48:18','2022-03-07 13:21:27'),(1314,'bf4a9691-ca26-c404-cd8d-05d37882d05c',37,'כיסא גיימינג','מושב גיימרים איכותי ומקצועי\r\n\r\nמושב מעוצב לגיימרים הדורשים את הנוחות המקסימאלית למשך זמן משחק ארוך.\r\n\r\nעיצוב אגרונומי\r\n\r\nכיסא מתכוונן ומותאם אישית ע\"י המשתמש\r\n\r\n5 מצבים בהם ניתן לכוונן את הכיסא\r\n\r\nמשמש ככיסא משרדי לכל דבר.\r\nמבית: APEX','1646056098-c132761d-248f-d12a-4211-abd92bef0fac.png',500,699,'שנה','[]','2022-02-28 15:48:18','2022-03-02 15:54:18'),(1315,'fc49c7de-1566-d73f-e024-bce8983aa7e8',37,'אוהל צילייה','אוהל רוח לייקרה + ספנדקס 210X210X160 ס\"מ\r\nשני מוטות אלומיניום 19מ\"מ מחוזקים, עם 4 יתדות (שקי) חול','1646056098-c4fb1832-5dd3-a3bc-76e8-d95077027ff1.png',100,300,'שנה','[\"1646056098-ef152675-973e-9360-6a5f-14c4461803f3.png\"]','2022-02-28 15:48:18','2022-02-28 18:43:37'),(1316,'64f9429e-82a3-06eb-4a98-938ff990303e',37,'מזוודה מתקפלת דגם monfort','מזוודת העליה למטוס, מתקפלת הדקה ביותר בעולם.\r\n\r\n המאפשר לקפל בקלות את המזוודה לעובי של 5 ס”מ לאחסון אופטימלי וכמזוודה נוספת.\r\n\r\nמזוודה חצי קשיחה, חזית וגב עשויים פרופילן קשיח עמיד בפני שריטות ושברים.\r\n\r\nכיס צד לשליפה מהירה של הנייד או מסמכי הנסיעה.\r\n\r\nידית טרולי ב-3 מצבים לנשיאה קלה וארגונומית.\r\n\r\nמגיע במארז קרטון מהודר.','1661427468-09cb1315-1d29-a40e-e24d-33ab037e153c.jpeg',150,250,'שנה','[\"1646056098-ace71868-01f4-cc19-f109-475116f9229c.png\",\"1661427455-5e2271ca-ba81-bbdf-db54-e8688ddae97d.jpeg\"]','2022-02-28 15:48:18','2022-08-25 14:37:48'),(1317,'ed2686cf-1d99-cbd4-c8fd-8ead5aa71330',37,'סט של 5 ארגוניות למזוודה','סט של 5 ארגוניות למזוודה ניידות, נוחות ועמידות במים, תיק ארגון מקנה למטייל מזוודה מסודרת ונקייה. החבילה כוללת 5 תיקים בגדלים שונים.\r\n\r\n41x30x21 | 34x27x12 | 31x21x12 | 27×24 | 17×13\r\n\r\n','1646056098-b316a13b-ccbd-dfa9-c65c-9f3ff8709527.png',50,100,'שנה','[]','2022-02-28 15:48:18','2022-02-28 18:42:01'),(1318,'c56e1000-d139-3f89-9bdf-ae83e206996b',35,'בוצ\'ר עץ מלא דגם אלון','עץ אלון אירופאי לבן\r\nקרש חיתוך והגשה אובאלי העשוי מעץ אלון אירופאי לבן בעבודת יד לכל קרש צורה ייחודית משלו. מתאים כקרש הגשה לפירות, גבינות, בשר או כל רעיון אחר מוצלח שאתם יכולים לחשוב עליו.\r\nהקרש משומן בשמן ייחודי אשר מספק הגנה לעץ ואפילו שומר על ההיגיינה ומונע כניסת חיידקים.','1661418785-5632fc80-a5df-9a9f-f6a8-07f3bb7df792.jpg',200,300,'שנה','[]','2022-02-28 15:48:18','2022-08-25 12:13:05'),(1319,'673b0e5c-f59e-f23a-4435-bedb6862fcb3',34,'מכשיר עיסוי שיאצו לכפות רגליים','עיסוי שיאצו ונקישות 3D + לחץ כריות אוויר מתנפחות 3 ב-1 MC-7380 מבית MEDICS CARE. עיסוי שיאצו עמוק. עיסוי בלחץ אוויר להעצמת תחושת העיסוי ושיפור מחזוריות הדם, עיסוי בנקישות, עיסוי משולב 3 תכניות ב-1, מקל על כאב, רגליים, עייפות ולחץ, עיסוי רפלקסולוגי בשיטה המסורתית בשילוב טכנולוגיה חדשנית. פשוט ליהנות מעיסוי כף רגל מרגיע ובריא. עיסוי שיאצו 3D מרגיע מדמה עיסוי במגע ידיים, 6 רולרים שיאצו ונקישות, עיצוב חדש בצורת M, מתח מדורג של ספק כוח: DC 12V, 2.5A הספק : 30W.','1646056099-7732d956-036d-6c3b-935f-72cec0147177.png',350,469,'שנה','[\"1646056099-d39e8ba7-ddc5-0619-76eb-409c3367f01a.png\",\"1646056099-b112cf1d-523d-af2a-265b-3971514745f7.png\",\"1646056099-80ded184-2ca4-fffe-2e72-cad11c2998a8.png\"]','2022-02-28 15:48:19','2022-08-11 13:31:23'),(1320,'d9d1545f-3847-df5e-d9a4-47d9c01289cb',35,'סט סכו״ם 24 חלקים דגם טוסקנה','סט סכו\"ם 24 חלקים \r\nמנרוסטה 18/0, סכין משוננת לחיתוך סטייק\r\nמגיע במארז מהודר.','1646056099-3dacbdcf-f159-aec8-2897-492e1c9b21ba.png',100,200,'שנה','[\"1646056099-98438be2-61e1-a6f3-d283-2306634b9f46.png\",\"1646056099-1d8dafa4-c58e-4547-4679-e7b4c76dd5e8.png\",\"1646056099-49d7e4b2-0700-50e9-fb48-65d16b94dc04.png\"]','2022-02-28 15:48:19','2022-02-28 18:30:05'),(1321,'520340ca-6b65-7399-92a7-8e2018bfdc24',34,'שייקר חשמלי','בעל מנוע 1000 וואט ,\r\n\r\n2 כוסות  TO GO  קיבולת 1000/800 מ\"ל\r\n\r\nמתאים לשימוש במדיח ללא BPA\r\nמבית: CHROMEX','1646122341-e1940202-b459-ccff-24d6-20b5e05ef501.png',250,350,'שנה','[\"1646122329-a9fe8c55-a901-b54c-add0-0c7828ff5111.png\"]','2022-02-28 15:48:19','2022-03-01 10:12:21'),(1322,'b4ea141b-aa65-5702-93af-751ff69beabf',34,'שייקר חשמלי דיגיטלי','בעל מנוע 1200 וואט,\r\n\r\nהגדרת מצבים באמצעות טאץ\',\r\n\r\nכיבוי אוט\' באמצעות טיימר\r\n\r\n3 כוסות TO GO   קיבולת 1000/800/500 מ\"ל מתאים לשימוש במדיח ללא BPA\r\nמבית: CHROMEX','1646122299-e5ce4980-a35b-e08b-30b4-f13a3d76ffe8.png',350,500,'שנה','[\"1646122297-fe9c388e-052d-a318-ea91-acdd2e484285.png\"]','2022-02-28 15:48:19','2022-03-01 10:11:39'),(1323,'96cb56a1-104e-44a3-9f0d-1784bd3a9e24',34,'מעבד מזון','מעבד מזון עם קערה 3.2 ל\'\r\nמנוע חזק במיוחד! 1100 וואט\r\n3 דרגות מהירות + Pulse\r\nקערה גדולה בנפח 3.2 ליטר\r\n\r\nאביזרים:  3 להבי נירוסטה דו להבית, לישה, גריסה גס, גריסה עדין, חותך צ\'יפס, פורס גס, פורס עדין כולל מרית ודוחס מזון,\r\nדסקית עבה + דסקית דקה, אביזר ללישה, אביזר להקצפת ביצים\r\nעיצוב אלגנטי  ( נירוסטה מוברשת ) שנותן מראה יוקרתי למעבד\r\nמבית: GRAETZ','1646056099-77f4dd28-e2d2-39a3-3ac6-207e4346fd1b.png',225,275,'שנה','[]','2022-02-28 15:48:19','2022-03-01 15:43:18'),(1324,'b60e58da-4022-9002-ef69-893f98f739ce',34,'מגהץ קיטור','מיכל 0.8 ליטר עם דוד פנימי להרתחת מים ושסתום ביטחון\r\nמתאים לגיהוץ יבש או קיטור בעזרת בורר טמפרטורה במגהץ\r\nעוצמת קיטור – עד 160 גרם אדים לדקה\r\nנורית סימון טמפרטורה\r\nכפתור הפעלה מואר\r\nאפשרות גיהוץ בצורה אנכית ואופקית\r\nמבית: GRAETZ','1646056099-0344523b-e2fe-b24a-d15a-ee7e4af4f366.png',250,349,'שנה','[]','2022-02-28 15:48:19','2022-03-02 13:16:44'),(1325,'48678816-1a86-5db8-eb70-529c7a3b2ee2',35,'פח אלקטרוני 45 ליטר','פח אלקטרוני 45 ליטר.\r\nמופעל ע\"י עינית INFRA-RED\r\n\r\nטבעת אחיזה לשקית אשפה\r\n\r\nמתאים לשקיות הסטנדרטיות הנמכרות ברשתות השיווק\r\n\r\nמתג ON/OFF\r\n\r\nצג עם טיימר 5  שנ\' המתריע מפני סגירה המכסה\r\nמבית: CHROMEX','1646056100-ef2de239-7def-098b-85df-3915582f5ae2.png',250,350,'שנה','[\"1646056100-0a4eaa59-52d7-2bf5-d9c5-6a69fb80cd8a.png\",\"1646056100-48fea28e-0d79-6d3a-f3df-77b1126f6e64.png\"]','2022-02-28 15:48:20','2022-03-02 13:16:32'),(1326,'ed19b573-25aa-4de5-9ff6-e1fb9be4bfc8',35,'מחבת non stick','מחבת נירוסטה 18/10 | 28 ס\"מ\r\nמיוצר בטכנולוגיית PLY 3\r\nהמחבת כולה בעלת מעטפת אחידה העשויה משלוש שכבות\r\nבשיטת הסנדויץ\': שכבה פנימית נירוסטה איכותית 18/10, שכבה אמצעית העשויה אלומיניום טהור לפיזור חום מיטבי ושכבה חיצונית נירוסטה איכותית המתאימה את המחבת לשימוש בכל סוגי הכיריים כולל אינדוקציה.\r\nהשכבות מוצמדות בטכנולוגיה חדישה והופכות לגוף אחד.\r\nמעטפת זו מבטיחה הולכת חום שווה ואחידה מהבסיס לדפנות המחבת\r\nלקיצור זמן הבישול לחסכון באנרגיה וקבלת תוצאת בישול מושלמות.','1646056100-7a19043b-66f9-fcbd-a23d-55e13596fab9.png',250,349,'שנה','[\"1660492332-6bb2f9e3-7a49-7a46-bdfb-6a9c7a15f791.jpg\",\"1660492337-ebc8c1fd-4b78-7c62-b234-1735e566b4c8.jpg\",\"1660492341-3aac9687-aa01-f9da-56bf-01517626f329.jpg\"]','2022-02-28 15:48:20','2022-08-14 18:52:23'),(1327,'b1fd1e58-4c8a-1ed8-67be-57936c6bb23e',35,'סט קופסאות וואקום עגולות דגם: קטרינה','מארז 2 קופסאות וואקום איכותיות מבית Perito moreno, הכולל שתי קופסאות בגדלים שונים לשמירה על טריות המזון וערכיו התזונתיים.  הקופסאות מתאימות להקפאה ולשימוש במדיח כלים.\r\n\r\nקופסאות הוואקום מסייעות לשמירה על איכות המזון, מעקבות חמצון וקלקול מיקרוביאלי ותורמות להארכת חיי המדף פי 4 משימור רגיל.!\r\n\r\nמפרט טכני:\r\n\r\nקופסה בנפח: 2.2.\r\nקופסה בנפח: 1.1.\r\nמכיל משאבה ייעודית להוצאת האוויר, לשמירה על טריות המזון.\r\nמתאים מדיח.\r\nמתאים להקפאה.','1646064901-c31d4bca-b597-d99b-3d09-b6deaf8a820c.jpg',85,135,'שנה','[\"1646064875-3f050807-48aa-fc03-f59a-d94e0d744e7d.jpg\",\"1646064877-55eabbee-be91-e88b-6c74-6e42f6730730.jpg\"]','2022-02-28 15:48:20','2022-02-28 18:15:01'),(1328,'832cd159-ec2c-262f-0da3-faf4e711f7f0',35,'סיר נירוסטה impact bonding','סיר נירוסטה | 24 ס\"מ מיוצר בטכנולוגיית אימפקט בונדינג (IMPACT BONDING)\r\nתחתית 3 שכבות המוצמדות בטכנולוגיית הייצור המתקדמת בעולם.\r\nטכנולוגיה זו מקנה אפשרות פיזור חום אולטימטיבית לכל חלקי הסיר לא משנה מאיפה מקור החום מגיע. \r\nהגוף עשוי פלדת אל-חלד, נירוסטה 18/10 משובחת, המומלצת ביותר לשימוש בכלי אוכל לבישול. נירוסטה 18/10 מקנה לכלי הבישול עמידות גבוהה וחוזק מכני רב.\r\n','1646056100-0af9242d-18df-e90f-425e-644bb61c5bb1.png',200,349,'שנה','[\"1646056100-cbb55663-2a31-88d0-4cb2-e415381e6070.png\",\"1646056100-86d60623-ec09-df09-f8b5-fd4489bb11b4.png\",\"1660492356-d5ca3958-d7fe-70e3-9872-4006b1f47fd4.jpg\",\"1660492358-a93afb0c-3b30-4fcf-f5ac-cbe4c3a9f88f.jpg\"]','2022-02-28 15:48:20','2022-08-14 18:52:43'),(1329,'7143de0f-2b14-f60f-4e55-74bcb21475a6',38,'אוזניות דגם nk 5550','אוזניות בלות\', טווח קליטה של 10 מטר. \r\nהעברת נתונים במהירות גובהה. \r\nמיקרופון נסתר. \r\nמערכת רמקולים איכותית ברמת סטיראו עם בס רב עוצמה. \r\nתומך בפורמט: MP3,WMA.WAV, רדיו FM.','1646141901-34b3e2b0-49ca-a5f6-70be-c90de7bf4ab0.png',70,150,'שנה','[]','2022-03-01 15:38:21','2022-03-02 11:38:19'),(1330,'931aa0ce-b673-dc12-4747-9aaa4e2008f4',37,'תיק דגם everest','תיק מוצ’ילה דגם Everest, מסדרת המותגים שלSunature. מערכת גב אורטופדית עשויה רשת ייחודית לאוורר הגב ולנידוף זיעה במערכת ה speed flaw, רצועות קשירה צידיות ותחתונות למקרה שנגמר המקום בתוך התיק, הפרדה בתוך התיק לשלושה חלקים: חלק עליון לציוד זמין, חלק מרכזי וחלק תחתון בעל גישה קלה. כיסוי גשם, תאי מותן נוחים לנשיאת ציוד חשוב כגון פלאפון, ארנק או מצלמה.','1646214421-46f545a8-9c71-f91c-3dfe-057961b6fd27.jpeg',450,700,'שנה','[\"1646218938-f0c2e73f-bbc1-b998-d385-663a82e868ff.jpg\",\"1646218941-2fc06d89-c91d-4d88-15ce-9041f1385c86.jpg\"]','2022-03-02 11:47:01','2022-03-02 13:02:23'),(1331,'7bd6bb26-a544-9dcf-2396-2db621e36915',34,'אופה פיצות ולחמים','תנור להכנת פיצה ומאפים בקוטר 31 ס\"מ!\r\nבעל גופי חימום כפולים – איכות של פיצרייה במהירות וללא פשרות!\r\nבסיס אבן קרמית\r\nהספק 1200W\r\nבורר טמפרטורה חימום עד 400-360C\r\nנורית ביקורת\r\nטיימר לכיבוי אוטומטי\r\nאפיית פיצה פריכה ב 5 דקות\r\nמבית: CHROMEX','1646219418-8c216a4c-e232-8e7a-f46c-249ae2c436fa.png',300,450,'שנה','[]','2022-03-02 13:10:18','2022-03-02 13:10:24'),(1332,'ddd420fa-5245-69b1-31d1-0f30a7889f79',36,'סט מצעים זוגי','סט מצעים 100% כותנה לבחירתכם. משקה אווירה טובה ואוהבת בחדר השינה. הכותנה בעלת מרקם נעים ורך.\r\nלבחירה ממגוון צבעים...  ','1646220115-ff466064-8fd5-923b-05ba-7bda80933a88.png',200,349,'שנה','[]','2022-03-02 13:21:55','2022-03-02 13:22:03'),(1333,'a633c182-4854-15ed-76ca-685f930d81d2',36,'סט מצעים זוגי ','סט מצעים זוגי 100% כותנה, משרה אווירה טובה ואוהבת בחדר השינה.\r\nלבחירה ממגוון צבעים.','1646220297-21147b4d-896d-c7f0-3a5a-15f38e07cb59.png',250,349,'שנה','[]','2022-03-02 13:24:57','2022-03-02 13:25:02'),(1334,'3cbb34db-d457-f502-d4c2-7686db0bfcfc',36,'סט מגבות ערד 100% כותנה','סט במרקם קטיפתי לגוף ולפנים.\r\n3 מגבות גוף 150X70 צבע שמנת. \r\n3 מגבות פנים 90X50 מבחר צבעים.','1646220589-441b7526-ee70-3f53-dda2-941447db06ae.png',75,150,'שנה','[]','2022-03-02 13:29:49','2022-03-02 13:29:56'),(1335,'4f361693-019d-9e69-1dbe-92fbd7838373',36,'סט שתי מגבות פנים','סט שתי מגבות פנים במרקם קטיפתי.\r\nמידות: 90X50','1646220770-e26391c3-0f0c-e8d2-2fd5-5b05bd07741d.png',50,100,'שנה','[]','2022-03-02 13:32:50','2022-03-02 13:32:56'),(1336,'c704c6f0-1e7b-805e-fa6e-051be8c03d07',35,'סט סכו\"ם 48 חלקים דגם טוסקנה','סט 48 חלקים עשוי מנירוסטה 18/10 \r\n-סכין חיתוך מתאימה לסטייקים.\r\n- מגיע במארז מהודר.','1646222073-091db5fa-415d-0eca-ffb5-1291e2844312.png',200,349,'שנה','[]','2022-03-02 13:54:33','2022-03-02 13:55:31'),(1337,'427ef20f-35c3-5512-aae5-ce8b567d4dab',34,'מיקסר חשמלי מבית graetz','מיקסר חשמלי מבית GRAETZ \r\nעוצמת מנוע 1000W\r\nקערה בנפח 5 ליטר, גימור נירוסטה \r\nפאנל שליטה אלגנטי\r\nבקרת מהירות משתנה + PULSE\r\n6 דרגות מהירות\r\nאביזרים כלולים:  וו לישה, וו גיטרה, מקצף ומכסה שקוף לקערה למניעת התזה.\r\n\r\n','1646225408-7d3ebdf3-e99a-842d-6914-711889a73a11.png',300,650,'שנה','[]','2022-03-02 14:50:08','2022-03-02 14:50:17'),(1338,'a0ea2c96-f807-b7ba-1ba5-36ec1d59cd06',34,'שואב אבק אלחוטי מבית apex','שואב אבק אלחוטי מבית APEX \r\nשואב אבק אלחוטי 15-40 דקות עבודה רציפה בהתאם לתוכנית המבוקשת (רמת עוצמה) \r\nידית ארגונומית נעימה וקלה לשימוש \r\nקל משקל\r\nעוצמה חזקה במיוחד 25000PA ללא איבוד עוצמה עם הזמן \r\nתכולת מיכל אחסון אבק 0.5 ליטר\r\nזמן טעינה מקסימלי עד 4 שעות. \r\nנפח סוללת ליתיום MAH2200\r\n','1646225936-6dcf4366-4d09-16e5-735f-8f0700919189.png',650,750,'שנה','[]','2022-03-02 14:58:56','2022-03-02 14:59:03'),(1339,'b5fdfa32-9f30-c49d-8043-720c48dca452',34,'מיקרוגל דיגיטלי בנפח 25 ליטר','מיקרוגל דיגיטלי \r\nעשוי נירוסטה \r\nתכולה 25 ליטר משלוב עם גריל ודלת מראה.\r\nהספק 900 וואט.\r\nהספק גריל 1000 וואט.\r\nהפשרה אוטומטית לפי סוג מזון ומשקל.\r\nתוכניות בישול אוטומטיות. \r\nשי אפשרויות קומבו (שילוב גריל + פעולת מיקרו)\r\nאפשרות לכיוון עוצמת החימום. \r\nתאורה.\r\n\r\n\r\n','1646226271-908351e5-e4f1-d914-b061-4fad8723aac6.png',350,550,'שנה','[]','2022-03-02 15:04:31','2022-03-02 15:04:35'),(1340,'db8d1fb5-dd7c-0d47-acf8-435b132ad7ce',35,'מארז קפה','מארז קפה כלל: מכונת קפה + מקציף חשמלי + 100 קפסולות- תואם נספרסו.\r\nמכונת קפה קומפקטית המצוידת במספר רחב של תוכנות חדשניות.\r\n3 לחצנים לבחירת כמות המשקה. \r\nמערכת חימום מהירה.\r\nכיבוי אוטומטי לאחר 9 דקות. \r\nקלה לניקוי ותפעול. \r\nנפח תא קפסולות משומשות: 10 קפסולות.\r\nלחץ משאבה 19 BAR.\r\n\r\n','1646226648-ecef6af1-6f42-cba9-c8db-023fba35eac0.png',650,750,'שנה','[]','2022-03-02 15:10:48','2022-03-02 15:10:54'),(1341,'e099910f-2f40-8c1a-25a3-cca40b0b1a6b',34,'מעבד מזון + אביזר קוביות','מעבד מזון בעל הספק של 1000W לביצועים אופטימלים.\r\nקערה בנפח 3 ליטר.\r\nקיבולת נוזלים 1.5 ליטר.\r\n2 מהירויות משתנות + פולס\r\nסכין לערבול וקיצוץ מפלדת אל-חלד \r\n4 דסקיות: דיסק ממחה- לפירה, להכנת מזון לתינוקות וכו\'. \r\nדיסק קיצוץ גס 4 מ\"מ, דיסק לפריסה עדינה 2 מ\"מ, דיסק גריסה עדינה במיוחד, מרית \r\nתיק איחסון לאביזרים.\r\n','1646227078-af96e66c-2823-cdc3-1dcc-f69d0913fb03.png',650,750,'שנה','[\"1646227073-209f0bc8-427b-2dfe-b9aa-b655f2ab5345.png\"]','2022-03-02 15:17:58',NULL),(1342,'a2d248c8-fd20-0742-6352-cbcc893344f0',34,'מסאז\'ר אישי','• כרית עיסוי ושיאצו חשמלית לבית ולרכב\r\n\r\n•בעל 4 ראשי עיסוי\r\n\r\n• עיצוב ארגונומי לשימוש נוח על הגב, צוואר ,רגליים וכעוד\r\n\r\n• טמפרטורת חימום : עד 40 מעלות\r\n\r\n• מטען חשמלי - לשימוש בבית ובעבודה\r\n\r\n• מטען למצת הרכב - לשימוש בשהייה ברכב\r\n\r\n• מכשיר בטיחותי עם כיבוי אוטומטי \r\n\r\n• אורך כבל החשמל לבית / רכב - כ 1.2 מטר','1646227425-7b840deb-4748-63b0-2994-a717e888ae0e.png',100,200,'שנה','[\"1646227535-5e382b8a-b715-19db-c9fa-a10551f8846d.jpg\"]','2022-03-02 15:23:45','2022-03-02 15:25:38'),(1343,'188d5d77-7715-4f30-a4bb-27250da8c4a0',37,'חבילת ספורט','מארז ספורט מפנק 5 חלקים הכלל:\r\nבלנדר ספורט, מזרן יוגה, חבל קפיצה, חובק זרוע לסמארטפון ומגבת.','1646227824-74e3b83b-1315-f341-24e9-889195c4c753.png',150,250,'שנה','[]','2022-03-02 15:30:24','2022-03-02 15:30:38'),(1344,'c0c82327-b09a-063a-8dab-6052f384b731',35,'סט סירי לחץ quattro מבית סולתם. שווי החלפה: 1809 ש\"ח','4 חלקים. \r\n22 ס\"מ/7 ליטר\r\n+סיר 22 ס\"מ/4ליטר\r\n+מכסה סיר לחץ + מכסה זכוכית.\r\n','1646228001-65a2294a-fb50-3f00-b6ee-28383714519c.png',650,850,'שנה','[]','2022-03-02 15:33:21','2022-03-07 13:25:17'),(1345,'51d490c5-a0d2-d2f8-5434-836e67a5417f',36,'מפת שולחן חגיגית לבנה','גודל 145/300 ס\"מ\r\nצבע לבן.','1646228157-98a894fd-fe02-eabc-f9d6-f6755a243140.png',100,200,'שנה','[]','2022-03-02 15:35:57','2022-03-02 15:36:04'),(1346,'9ce571c4-632a-2ef2-9fa6-538d0adfd96f',36,'סט 6 מגבות ערד 100% כותנה','סט מגבות 100% כותנה לגוף ולפנים \r\n6 מגבות גוף: 150X70 צבע שמנת.\r\n6 מגבות פנים: 90X50 מחבר צבעים.','1646228477-89e6eee5-b1a9-3342-b8ab-b8ccd185ef10.png',100,200,'שנה','[]','2022-03-02 15:41:17','2022-03-02 15:41:25'),(1347,'d5735a75-8e14-5fb4-9159-d10a7e31db60',34,'שואב אבק חוטי מולטי ציקלון','שואב אבק חוטי מולטי ציקלון, מבית GRAETZ.\r\nהספק: 600W \r\nאביזרים נלווים: מברשת לרצפה, אביזרים לפינות ומסילות, מתקן תלייה על הקיר.','1646228810-b4044f61-215c-cde8-3d09-92b1d423fea4.png',150,350,'שנה','[]','2022-03-02 15:46:50','2022-03-02 15:46:57'),(1348,'417ff34c-45bd-8a4a-f9c1-e39cc804b3a1',37,'זוג צידניות קשיחות','צידניות קשיחות לבית ולחוץ.\r\n8 ליטר\r\n2.2 ליטר','1646229466-047d5c30-83f9-99f7-cc89-2bd287824005.png',150,200,'שנה','[]','2022-03-02 15:57:46','2022-03-03 14:46:20'),(1352,'2f684341-1803-eeb3-d0ff-5a14f6f0b3ac',34,'טלוויזה סמסונג 43 אינץ smart  ','טלוויזיה חכמה \"43 UHD 4K מבית SAMSUNG סמסונג דגם UE43AU7100\r\nטכנולוגיית תצוגה Pure Color\r\nתוכן Smart Things עם תמיכה בבית חכם\r\nמעבד תמונה Crystal Processor 4K-16 bit\r\nפאנל ייחודי לצבע שחור מושלם והפחתת השתקפויות\r\n\r\nמאפיינים:\r\nטלוויזיה דקה ללא מסגרת UHD-4K\r\nבגימור טיטניום יוקרתי\r\nרזולוציה 4K-3840x2160\r\nמעבד תמונה Crystal Processor 4K-16 bit\r\nטכנולוגיית תצוגה Pure Color - ללא צריבת תמונה','1646300289-b6985beb-0a6b-6e89-e6f9-5d9c7a3fa708.jpg',1800,2000,'שנה','[\"1646300147-204f17e9-f7a8-bee7-30d6-1b1a17b99c81.jpg\",\"1646300153-93fce48d-60f8-1239-2996-556df9cb059d.jpg\",\"1646301842-9f966e46-2bcf-5c4b-8c51-53f9030b5742.jpeg\"]','2022-03-03 11:38:09','2022-03-03 12:04:05'),(1353,'31a9c6b3-2579-7e8d-ac98-e4265667c604',34,'טלוויזיה סמסונג 65 אינץ\' smart','רזולוציה 4K-3840x2160\r\nמעבד תמונה Crystal Processor 4K-16 bit\r\nטכנולוגיית תצוגה Pure color ללא צריבת תמונה\r\nניגודיות וטכנולוגית הארה לתמונה חדה וצבע שחור עמוק Mega Contrast - Direct LED\r\nMicro Dimming מנגנון תאורה חכמה UHD Dimming\r\nאינדקס איכות תמונה החלקת תמונה Hz + מעבד + פנל 2000 PQI','1646301106-8634097d-4b89-7d5e-f6b9-1c09e8e8892b.jpg',3000,3500,'שנה','[\"1646301097-35511301-b3d1-ecac-9cf7-b21c53dba7f2.jpg\",\"1646301102-4695f295-89c5-25f3-bd09-d7fd24f504b4.jpg\",\"1646301854-bbe8ea6c-6b21-3e13-ebfa-5c971c0aa749.jpeg\"]','2022-03-03 11:51:46','2022-03-03 16:00:15'),(1354,'f8a982d4-81f2-7cc3-218a-e2cb3fa368ba',34,'טלוויזה סמסונג 70 אינץ\' smart','מסך \"70 UHD 4K דגם 70AU7100\r\n70AU7100\r\nמסך יוקרתי מבית סמסונג מסדרת UHD 4K ללא מסגרת, בגימור טיטניום יוקרתי. טלוויזיה חכמה בטכנולוגיית 4K\r\nרזולוציה	4K-3840*2160\r\nמעבד תמונה	Crystal processor 4K-16 bit\r\nטכנולוגיית תצוגה	Pure color ללא צריבת תמונה\r\nניגודיות וטכנולוגיית הארה לתמונה חדה וצבע שחור עמוק	Mega contrast- Direct LED\r\nMicro Dimming מנגנון תאורה חכמה	UHD dimming\r\nמנגנון אקטיבי לומד להשבחת תמונה + סאונד מכל מקור שידור בזמן אמת	4K upscaling\r\nHDR תמיכה בתחום דינמי רחב לתמונה מציאותית High dynamic range	HDR HDR10+/HLG\r\nפאנל ייחודי לצבע שחור מושלם והפחתת השתקפויות	כן\r\nSmart TV - מעבד 4 ליבות- WiFi מובנה, חיבור קווי, אפליקציות, דפדפן, שיתוף ושיקוף תוכן, תמיכה בבית חכם Smart things ו- pc on tv	כן + תמיכה ב Apple AirPlay2\r\nTap view- Mirroring שיקוף מהיר מטלפונים ניידים תומכים על ידי הקשה בלבד	כן\r\nמצב Game אוטומטי ייחודי לחוויית משחק מושלמת בזמן אמת	Auto low latency mode (ALLM) motion xcelerator','1646301535-698648d9-db9d-7be4-7852-2ab08e65d3bc.jpg',3600,4000,'שנה','[\"1646301527-d6abbd01-e061-2641-44f9-e7d0263ee98f.jpg\",\"1646301532-ecaf07f5-d859-4816-3a62-01e77e5f5616.jpg\",\"1646301865-c716d31a-fec5-0365-7b51-09f8998e9f33.jpeg\"]','2022-03-03 11:58:55','2022-03-03 12:04:27'),(1355,'41513265-aea1-18d8-5324-0aace9bf5cea',34,'שואב אלחוטי dyson v11™ absolute extra','דייסון שואב האבק האלחוטי העוצמתי בעולם.. עם סוללה נשלפת לניקוי עמוק, בכל זמן ובכל מקום\r\nזמן פעולה עד 60 דקות1\r\nכולל מברשת ראשית Torque לשטיחים ומברשת בהנעה ישירה רולר רך \'פלאפי\' למרצפות ופרקטים\r\n\r\n- מדווח בצורה חכמה בזמן אמת\r\nמנטר את ביצועי המערכת 8,000 פעמים בשנייה ומדווח בזמן אמת על גבי צג LCD.\r\n- המצב הנכון עבור המשימה הנכונה\r\nשלושה מצבי עבודה אופטימליים למגוון משימות שונות. האיזון הנכון בין עוצמה וזמן עבודה, בזמן הנכון והיכן שאתם זקוקים לו.\r\n- ניקוי עוצמתי על מרצפות, פרקטים ושטיחים\r\nמנוע עוצמתי מסובב את מוט המברשת עד 60 פעמים בשנייה. הוא דוחף סיבי ניילון קשיחים עמוק לתוך השטיח להסרת לכלוך מסיבי, וסיבי פחמן אנטי-סטטיים ללכידת אבק דק מרצפות.\r\n- \'ניקוי היגייני של המיכל בשיטת \"כוון וירה\".\r\nמנגנון \'כוון וירה\' פולט באופן אוטומטי את כל האבק והפסולת עמוק לתוך האשפה, בפעולה בודדת - כך שאין צורך לגעת בלכלוך.\r\n- תחנת עגינה וטעינה נוחה לשימוש\r\nהשואב האלחוטי ™Dyson V11 נכנס בקלות לתוך תחנת העגינה המותקנת על הקיר, לטעינה ואחסון בצורה מסודרת. כך שהוא תמיד טעון ומוכן לפעולה.\r\n-יחידת סוללה הננעלת במקומה בקליק - אופציונלי\r\nהסירו והחליפו בלחיצת כפתור, לפעולות ניקוי ארוכות יותר. הסוללה הנוספת ניתנת לרכישה בנפרד.\r\n','1646303511-45e95a8c-8cd8-fb9f-a7a6-66f7d1d256cc.png',2850,3000,'שנה','[\"1646303508-4bcbde32-22ab-9e1c-1aab-3582a2159221.jpeg\",\"1646304082-3ce64733-fe6b-7935-543f-4491d9e89723.jpeg\",\"1646304186-6b1c6c07-a261-0e8a-0194-4ffd6b3ae0bc.jpeg\"]','2022-03-03 12:31:51','2022-03-21 11:46:24'),(1356,'d1b7a80d-6277-cd41-2b6e-26959298a140',34,'נינג\'ה xl 553','הגריל שכבש את העולם – עכשיו בישראל ובגדול\r\n(50% גדול מ AG301)!\r\nאופה, צולה, מייבש מזון ומטגן עד 75% פחות שומן\r\nהרבה יותר מגריל: 5 תכניות נוספות\r\nCYCLONIC GRILLING - אוויר בטמפרטורה של 260 מעלות \r\nVIRTUALY SMOKE-FREE - שליטה בעשן המשלב בקרת טמפרטורה ומגן התזה\r\nמד טמפרטורה דיגיטלי \r\nעוצמת חימום של גריל חיצוני - 1760 וואט','1646304003-98f9eb06-2e19-61f3-013b-85783c25a1ea.png',1400,1700,'שנה','[\"1646303996-f316567f-4f11-2466-7338-103610a7bba0.png\"]','2022-03-03 12:40:03','2022-03-03 12:44:59'),(1357,'2c9d4f2c-722e-fae7-7ba0-d9c9eacf1d0e',34,'מקרן קול סמסונג hw-q600a ','מקרן קול מסדרת Q היוקרתית, סאב אלחוטי עוצמתי \"5.6 ,חיבור HDMI\r\n2Ch.1.3 ערוצי שמע רמקול סנטר מובנה, קרן אקוסטית עליונה 360W\r\n,Atmos Dolby ,חיבור BT\r\n\r\nעוצמת שמע-RMS 360W\r\nמספר ערוצים .Ch 2.1.3\r\nמספר אלמנטים 8\r\nסאב וואפר אלחוטי עוצמתי \"5.6\r\nרמקול סנטר מובנה כן\r\nערוץ שמע עליון Beam Acoustic -קרן אקוסטית\r\nSQ/9100S-SWA\r\nTrueHD Dolby, ATMOS Dolby DTS/Dolby\r\n1ch.5 DTS, X:DTS\r\nמצבי שמע Pro Game, Expansion Sound Surround \r\nStandard, Adaptive\r\nPass Video 4K כן\r\nAIFF/ALAC/FLAC/OGG/WAV/MP3  + USB- כן\r\nHDMI 1xOUT/1xIN\r\nOPTICAL/CEC/ARC HDMI כן\r\nBluetooth כן\r\nthings Smart Samsung אפליקציית שליטה חכמה \r\nSound Tapשיתוף צליל בהקשה דרך מכשירים תומכים \r\nSymphony- Q תצורת שמע משולבת מסך תומך \r\nQ950A שלט רחוק ומתקן לתליה על קיר מסופק','1646304861-b7942f5b-1db7-9e97-0af0-0f4bb2ad6dc8.png',1300,1600,'שנה','[\"1646304812-dd104990-a77c-3777-963e-b2c3be2be820.jpg\",\"1646304855-f580f6f0-2932-2742-824f-21f8ebf23ca8.jpeg\"]','2022-03-03 12:54:21',NULL),(1358,'54b06851-a5bb-8a67-df1f-f08f641a6ba7',34,'מיקסר kwnwood 4102w','מנגנון בטיחות.\r\nהספק: 1200 וואט.\r\nקערה בנפח 6.7 ליטר.\r\n3 אביזרים נלווים בציפוי אלומיניום: וו לישה, מקצף, מערבל.\r\nמיקסר שף XL CHEF.\r\nהסדרה היוקרתית במהדורה חדשה וייחודית במיוחד בשבילך.\r\nב- KENWOOD חושבים תמיד כיצד ליעל את העבודה במטבח.\r\nובמיוחד עבורך ובהתאם לצרכים שלך.\r\nKENWOOD משיקה מארז המכיל קערה נוספת.\r\nהמתאימה באופן משולם למיקסר שלך ומקלה על העבודה במטבח.\r\nהספק: 1200 וואט.\r\nפעולת ערבול יסודית תוך שמירה על מהירות קבועה גם בתנאי עומס כבד.\r\nקערה בנפח: 6.7 ליטר.\r\nמכסה שקוף למניעת התזה והוספת חומרים תוך כדי עבודה .\r\nקערה בנויה מנירוסטה מלוטשת וקערה נוספת מפלסטיק.\r\n3 אביזרים נלווים בציפוי אלומיניום: וו לישה, מקצף, מערבל.\r\nבקרת מהירות אלקטרונית משתנה כולל מצב פולס .\r\nרגליות ואקום המאפשרות יציבות בעת העבודה.\r\nמנגנון בטיחות.\r\nמידות:\r\nגובה: 34.5 ס\'\'מ.\r\nרוחב: 38.5 ס\'\'מ.\r\nאורך: 28.0 ס\'\'מ.\r\nמשקל: 7.658 ק\'\'ג.','1646305314-abb40bcf-1ac6-69db-375c-8adb98409ba2.jpg',1650,2000,'שנה','[]','2022-03-03 13:01:54','2022-03-03 13:02:07'),(1359,'bc3d3c95-9aca-e3d8-91d3-19f43b9b4668',39,'גריל/מעשנה קומודו','מעשנת קומודו איכותית מבית Carne בקוטר 16 אינץ\' הכללת חבילת אבזור מושלמת למעשן ובתוכה: דיפלקטור 3 רגליים המאפשר הנחת כלים נוזליים/ריכוז שומנים, רשת נירוסטה בקוטר 37 סנטימטר, גריפר להרמת רשתות, יעה לפינוי אפר, מוט לגריפת אפר, כיסוי גשם איכותי, מד חום אנאלוגי ניתן לכיול ופס אטימה קרבון. \r\nאחריות יבואן: 6 שנים \r\nצבעים: שחור','1646310243-ffbde1ef-bc07-fb21-142d-6f51974282d4.jpeg',1300,1700,'שנה','[\"1646310221-03b1c96a-f0c4-5b3a-edbf-7839dce858ad.jpg\",\"1646310240-d47a817b-af66-6395-f09f-acd75ffa983a.jpeg\",\"1646310240-01895b06-4c81-a486-465f-e53a277ac666.jpeg\"]','2022-03-03 14:24:03',NULL),(1360,'5cbe04eb-a867-6bb0-a52f-3c11b15d2212',37,'זוג מזוודות מתקפלות','המזוודה מתקפלת דקה ביותר בעולם עליה למטוס 21″\r\n\r\nמבוססת על פטנט ישראלי המאפשר לקפל בקלות את המזוודה לעובי של 5 ס”מ לאחסון אופטימלי וכמזוודה נוספת.\r\n\r\nמזוודה חצי קשיחה, חזית וגב עשויים פרופילן קשיח עמיד בפני שריטות ושברים.\r\n\r\nכיס צד לשליפה מהירה של הנייד או מסמכי הנסיעה.\r\n\r\nידית טרולי ב-3 מצבים לנשיאה קלה וארגונומית.\r\n\r\nמגיע במארז קרטון מהודר.','1646313232-95984a91-0a05-0a49-9fb8-992a80288524.png',180,300,'שנה','[]','2022-03-03 15:13:52','2022-03-03 15:14:02'),(1361,'2eaaaef9-e164-34a9-3405-f20b56fb9793',34,'מיקסר שף עוצמתי kenwood ','מיקסר בעוצמה 1700W CHEF XL TITANIUM\r\nקערת נירוסטה עם ידיות בנפח 6.7 ליטר\r\nגוף חזק ויציב במיוחד\r\nמנוע 1700 וואט,חזק ורב עוצמה.\r\nתאורה דקורטיבית לתוך קערת המיקסר (6.7 ליטר)\r\n\r\nפעולת ערבול ייחודית,יסודית תוך שמירה על מהירות קבועה גם בתנאי עומס כבד.\r\n\r\nצבע כסוף','1646314991-6809ec76-aa09-f282-e8e8-b96b75f79173.jpg',1950,2200,NULL,'[\"1646314988-1c8c0158-fdb7-71c4-b0a0-88a8b83ad7d6.jpg\"]','2022-03-03 15:43:11',NULL),(1362,'452baa37-da31-f8fa-83b3-ff7aa37e0ebf',37,'צמד תיקי דן limited','תיק גב עם תא למחשב נישא\r\n\r\nגב ורפידות אורטופדיות עם תוספת גומי לנשיאה בטרול, תא נסתר\r\n\r\n3 תאים באיכות גבוהה 1680D\r\n\r\nתוספת חיבור לטעינת AUX/ USB בצד התיק\r\nמגיע בצבע אפור ושחור.','1646561599-20ba880b-e032-6229-e907-25849bbdb39e.png',50,100,'שנה','[]','2022-03-06 12:13:19','2022-03-06 12:13:25'),(1363,'44abc29d-7f47-7a72-9913-100a8ca071ed',37,'זוג כיסאות חוף דגם שזלונג','עשוי אלומיניום ובד קשיח.\r\nמתכוונן למספר מצבים.\r\nמגוון צבעים לבחירה: כחול, אפור או שחור.','1646562045-2d0f450a-2ede-9ed7-b534-31aa56b9f50e.jpeg',100,200,'שנה','[]','2022-03-06 12:20:45','2022-03-06 12:20:54'),(1364,'93c2b8cc-4f4b-5341-dcdd-f8fef1517c6a',36,'שמיכת מעבר/כיסוי מיטה זוגי 100% כותנה, 220/200 ס','בד חיצוני: 100% כותנה רכה. מילוי הוליפייבר במשרל 100 גרם למטר מרובע. \r\n','1646562511-cf04338c-2370-9be5-debe-54b3338adfaf.png',200,250,'שנה','[]','2022-03-06 12:28:31','2022-03-06 12:28:43'),(1366,'401e1b0b-1123-792a-fe94-e6f4a613f779',36,'סט 2 כריות שינה 50/70ס\"מ דגם פספול','זוג כריות אורטופדיות איכותית עם מסגרת צבעוניות בדרגת תמיכה חצי קשה.','1646562807-934898d9-5126-9e73-da7e-1b2915661e03.png',150,250,'שנה','[\"1646562799-c1b13f4e-3951-3a96-9460-893cc173587c.jpeg\"]','2022-03-06 12:33:27',NULL),(1367,'94821a17-5a9f-1ef5-03cd-73ed5e2cac29',36,'סט 6 מגבות איכות 100% כותנה סרוקה 560 גר\'','הסט כלל: 2 מגבות ידיים + 2 מגבות פנים +2 מגבות גוף. \r\nמשקל/עובי המגבות 560 גר\' למטר רבוע!!\r\nגודל המגבות: ידיים 60/40ס\"מ. פנים 50/90ס\"מ. מגבת הגוף 70/140ס\"מ.\r\n','1646563270-8cdbc3f9-a059-bf93-0e60-5feb9e110791.png',100,200,'שנה','[\"1646563265-227beb31-059d-9f13-1d7b-781ac648a260.jpeg\"]','2022-03-06 12:41:10',NULL),(1368,'cdc213b8-5051-0fe2-09ab-b1394dc3261c',36,'סט מצעים 100% כותנה דגם פלורה.','סט מצעים איכותי בעל צפיפות משובחת.\r\n145 חוט לאינץ\'. \r\nהסט כלל: סדין זוגי 160/200ס\"מ, ציפה זוגית 220/200ס\"מ. ','1646563803-3a8a5943-228d-785b-694b-02ed1be028a6.png',150,250,'שנה','[\"1646563785-40e194a9-37a3-618a-ae1b-88c1c06fa5bd.jpeg\"]','2022-03-06 12:50:03',NULL),(1369,'7d2f74de-d9d6-538a-41cf-7c825a2fefdc',40,'תיק דגם דן','כולל תא למחשב נישא, חגב ורפידות אורטופדיות, תאים באיכות גבוהה, מותאם לטיולים ולמטיבי לכת.','1648972163-b4dd36d6-bde6-5cc0-aaf6-0a06f9ba1e00.jpg',37,70,'שנה','[\"1648972153-962847ab-fe87-8b69-43c1-64753d228434.jpg\"]','2022-04-03 10:49:23',NULL),(1370,'455236f4-86e1-dae0-974c-8fd341f750d3',40,'תיק צלמון','תיק גב בעל 3 תאים\r\nתא נפרד למחשב נייד\r\n2 תאי צד לאחסון / בקבוק שתייה\r\nתוספת חיבור לטעינת AUX/ USB בצד התיק\r\n25 ליטר\r\n\r\n','1649143145-375bfc76-5b7c-6821-be9c-5cfc0aa30107.jpg',29,60,'שנה','[]','2022-04-05 10:19:05','2022-04-05 10:19:18'),(1371,'75acccb5-2e8b-4494-0643-c432060a1206',40,'תיק גב דגם דן','כולל תא למחשב נישא\r\n\r\nגב ורפידות אורטופדיות\r\n\r\n3 תאים באיכות גבוהה 1680D\r\n\r\nמותאם לטיולים ולמטיבי לכת\r\n\r\nתמונה 360\r\n\r\n','1649143855-d6de388c-59f0-c283-cc56-224b60e89add.png',37,70,'שנה','[\"1649143849-219671fb-4e76-4c57-9fbd-c5b71418d9ea.jpg\",\"1649143849-374f59ce-b27b-c0a6-4ad3-a9009147bbf2.jpg\"]','2022-04-05 10:30:55',NULL),(1372,'6f462d74-ef6e-748d-6fa9-a3d2b3796f2e',40,'תיק גב דגם פולג','תיק גב בעל 2 תאים\r\nתא נפרד למחשב נייד\r\n30 ליטר\r\n\r\n','1649143920-5eca2cb4-759f-2bc7-33a7-e1f7177ddbf1.png',39,80,'שנה','[\"1649143916-37249a14-fdb5-77f0-c04e-293d1844813e.jpg\",\"1649143916-92c9b2b8-42cd-e31a-0392-e4c1c9519504.jpg\"]','2022-04-05 10:32:00',NULL),(1373,'28b8893c-ed39-026c-790b-05e9fd7bd768',40,'תיק גב דגם דרגות','תיק גב בעיצוב חדש, איכותי ורב תאי\r\nתכולה 37 ליטר\r\nרפידות תמיכה אורטופדיות\r\nחבקים ותא למחשב נייד\r\nחומרים באיכויות גבוהות מאוד\r\n\r\n','1649143994-4551926c-b133-7901-f90a-d6ed7fc729cf.png',42,90,'שנה','[\"1649143986-7178b7d1-7a52-5a0a-0d6c-95b357bd5df5.jpg\",\"1649143987-5a500a5c-f440-d2ca-ab89-fe527741312e.jpg\",\"1649143987-dc21167b-0b0f-748e-aa27-bede0494ac20.jpg\"]','2022-04-05 10:33:14',NULL),(1374,'9b461773-226a-98b1-8562-5cd61f25c959',40,'תיק צד  דגם סימאונה ','לנשיאת מחשב נייד\r\n','1649144579-ad629bb4-3579-8c0a-09e0-bbfe9a327512.png',25,45,NULL,'[]','2022-04-05 10:42:59','2022-04-05 10:43:06'),(1375,'da1ffabc-a034-8142-4fe9-97a7c5f3fea4',35,'קופסת אחסון לסלט 1.6 ל\' דגם hac','SALAD TO GO – קופסת אחסון לסלט כולל מזלג, סכין ומיכל לתוספת\r\n\r\nמעורב צבעים\r\n\r\n','1649145104-83c461e7-75f6-319d-94cd-7d1db4f3d171.jpg',19,40,'שנה','[\"1649145103-1b738bbb-621c-d92b-68ba-898bf10a76e7.png\"]','2022-04-05 10:51:44',NULL),(1376,'3347f771-762d-8b16-9335-c7e71e31ce5c',35,'קופסא וואקום דגם: לוגאנו','מלבנית לשמירה על טריות + משאבה ידנית.\r\n\r\nהקופסא עשויה פלסטיק חזק ועמיד במיוחד ושומרת על הסדר והטריות במטבח.\r\n\r\nתכולת הקופסא: 1.1 ליטר\r\n\r\nהקופסא מתאימה להקפאה ולהדחה במדיח כלים.\r\n\r\n','1649145271-d74d36a7-a901-c6ab-7ce6-a4e2e9a92ba0.png',19,50,'שנה','[\"1649145211-6edf7efd-4090-896a-8bdd-c928eeec7556.jpg\",\"1649145212-1b849721-a0ee-c9c3-aca9-65c5fb07c1b8.png\"]','2022-04-05 10:54:31',NULL),(1377,'ff1660fd-314d-032e-3be7-8a980222654e',41,'בקבוק דגם sky','בקבוק עשוי חומר TRITAN (לא שביר בנפילה)\r\nתכולה 700 מ\"ל\r\nפקק שחרור מהיר, ללא BPA\r\n\r\nגוון לבחירה: שחור / ירוק / כחול\r\n\r\n','1649145573-e9b2f34d-ff60-b6ad-d865-ab0fbe5413d0.png',12,28,NULL,'[\"1649145488-1cd32e5e-2fea-cfb7-7546-16928c9a87ad.png\",\"1649145488-b4d61bc4-5a9c-a037-f586-26182b995cce.png\",\"1649145489-26a1046b-27c1-b3b3-19cf-6d979f8a68ca.png\"]','2022-04-05 10:59:33',NULL),(1378,'5994755a-e86e-510d-0db7-f109110093d1',37,'מגבת חוף עגולה ותיק נשיאה תואם','קוטר 150 ס\"מ','1649148799-5d7378d6-dff4-89cf-fe5f-08394cad09ff.jpg',33,55,'שנה','[\"1649148794-bcf921fd-457c-e577-bff5-6ae3baf121ac.jpg\",\"1649148794-ed3aa709-6cd5-c3ad-447e-74e6a6cdc2ba.jpg\",\"1649148795-f979db52-155b-6e6b-47c5-5cdef6108930.png\"]','2022-04-05 11:53:19',NULL),(1379,'312ab465-901f-9057-bb77-394d94862d69',41,'בקבוק טרמי דגם ערביקה דיגיטל','נפח 500 CC\r\nשומר חום /קור עד 7 שעות\r\nבעל מכסה עם צג דיגיטלי המורה על ידי לחיצה /החלקה את הטמפרטורה בבקבוק\r\nצבע לבחירה שחור / כחול / זהב\r\n\r\n','1649148933-8c984590-2942-6ee3-b2a7-907ad94331a2.png',32,60,'שנה','[\"1649148926-13ba7076-a143-9845-d89d-69dbd4c7af4b.png\",\"1649148926-a1cd18c6-75ff-c8c9-1570-ac8ddeb04629.png\",\"1649148926-deb74338-8f0b-f33d-abd5-f265a8a28026.png\",\"1649148926-9a72d933-d0aa-b5e1-07c9-a7af38a38690.png\"]','2022-04-05 11:55:33',NULL),(1380,'7df1bcac-63c6-e3f7-a12e-4143beea1b19',41,'בקבוק טריטאן freezeבקבוק טריטאן freeze','בקבוק ספורט חומר TRITAN (לא שביר בנפילה)\r\nבסיס הבקבוק ניתן להקפאה ושומר על טמפרטורת הנוזל עד 5 שעות\r\nגוון לבחירה: אדום / ירוק / כחול\r\n\r\n','1649149039-04b74c30-f7cd-59d6-09d4-8f0c61e9dde9.png',19,28,'שנה','[\"1649149035-264435a5-b631-8946-7b5f-df9ccb7d953c.jpg\",\"1649149035-881a55ca-7d85-9251-5dda-d52fdaf5b8d1.jpg\"]','2022-04-05 11:57:19',NULL),(1381,'aaa81ad0-1dbf-264c-bf9b-0b2485a394bd',41,'בקבוק טרמי דגם bowling','מיכל טרמוס בעיצוב מודרני לשמירה על טמפ\' הנוזל\r\n\r\n','1649149268-ea67fb58-7b85-d842-6d01-fbcbefc55883.png',25,50,'שנה','[\"1649149267-6b40c05e-2cb5-5eb4-0c75-d42941bf9485.png\"]','2022-04-05 12:01:08',NULL),(1382,'8d27a245-3a8f-e907-a316-b7ebdaf0c94e',40,'צידנית מצדה תיק טרמי ','עם ידיות נשיאה 30*20*30\r\n','1649149441-cfb6ad56-9811-88dd-2457-f2043a50d7c7.png',24,45,'שנה','[]','2022-04-05 12:04:01','2022-04-05 12:04:08'),(1383,'24a8d495-c8ef-85f8-5799-95771b5f11f3',40,'צידנית אישית','תיק טרמי אישי 22X20 ס\"מ\r\n\r\nעם ידיות נשיאה\r\n\r\nאפשרות למיתוג\r\n\r\n','1649149510-d07db1e5-a32b-6fac-4f6a-dbdce8832095.png',18,30,NULL,'[\"1649149507-eed5f9a7-3aba-12bd-9129-7d216db771e7.png\"]','2022-04-05 12:05:10',NULL),(1384,'56ab0c54-9231-3955-d76b-91db24b55626',38,'מעמד מתקפל למחשב נייד','• מעמד מתקפל למחשב נייד\r\n• מעמד ארגונומי למחשב נייד\r\n• עשוי פלסטיק קשיח מסוג ABS בשילוב סיליקון\r\n• נפתח ומתקפל בקלות\r\n• קל משקל ונוח לנשיאה\r\n• 6 זווית שונות לבחירה\r\n• מאפשר הרמה של גובה המסך לגובה העיניים\r\n• משפר את זרימת האוויר וקירור המחשב\r\n• מתאים למחשבים ניידים וטאבלטים במידות 11-18 אינץ\r\n• כולל נרתיק נשיאה מבד\r\n\r\n','1649149727-f6268eb4-ccfb-0850-34a9-71e3bb891e77.png',19,30,'שנה','[]','2022-04-05 12:08:47','2022-04-05 12:08:53'),(1385,'65ac4d4f-95dc-17bd-710f-e79d24ac3fc7',38,'מטען נייד דגם נאפולי','מטען נייד דיגיטלי דגם נאפולי:\r\nבעל ארבע אופציות הטענה שונות | מנגנון הגנה ייחודי המגן מפני טעינת יתר | צג קידמי, להצגת מצב הסוללה | עשוי חומרים ייחודים מונעים שבר | 10,000 MAH .\r\n\r\n','1660467233-2e2d3968-d396-626a-1d42-7b32e3ad8db9.jpeg',70,150,'שנה','[\"1660467214-e99425e7-32bb-a721-ecb2-b7b009ad8c68.jpeg\",\"1660467219-cd581305-5d30-736d-b289-2abab55c4ab8.jpeg\",\"1660467225-29d40c6c-f95d-2652-50cd-e8584d55d115.jpeg\",\"1660467231-a396b8d2-6204-9e49-6959-19ae48eedfaf.jpeg\"]','2022-08-09 19:34:00','2022-08-14 11:53:53'),(1386,'6d087935-0e5e-a72c-469b-547f794a19ba',35,'בוצ\'ר ציידים','עץ אלון אירופאי לבן\r\nקרש חיתוך והגשה אובאלי העשוי מעץ אלון אירופאי לבן בעבודת יד לכל קרש צורה ייחודית משלו. מתאים כקרש הגשה לפירות, גבינות, בשר או כל רעיון אחר מוצלח שאתם יכולים לחשוב עליו.\r\nהקרש משומן בשמן ייחודי אשר מספק הגנה לעץ ואפילו שומר על ההיגיינה ומונע כניסת חיידקים.','1661427749-e937fc2a-8929-04f2-21c8-6fccbb46a5df.jpg',200,300,'אין','[\"1660063127-752f3948-a28d-89d7-4146-fa570725a2d3.jpg\"]','2022-08-09 19:38:50','2022-08-25 14:42:29'),(1387,'931c8a75-a6fc-a809-0f6e-13798b4c58dd',36,'מצעי כותנה תחרה לבן','מיטה זוגית גודל 200/160\r\n%100 כותנה איכותית','1660104664-c21fed6a-812a-55b2-f83e-ff2453be3a87.jpg',100,200,'שווי החלפה - 1310','[\"1660104660-f58410e4-4cc6-3575-d92b-cadf795210aa.jpg\"]','2022-08-10 07:11:04','2022-08-11 13:44:15'),(1388,'ed4d6ba1-a2f0-f85a-1379-11c0848fa064',36,'סט מגבות איכותיות','סט מגבות איכותיות\r\n%100 כותנה\r\nכולל: \r\n3 מגבות רחצה 70/130\r\n2 מגבות פנים 50/90 במארז מתנה','1660104821-ab438c8e-25db-25e0-b9b8-220321a51a3e.png',100,200,'שווי החלפה - 1310','[\"1660104814-2a181616-dfb6-1480-a7f1-1aa422ffa2e5.jpg\"]','2022-08-10 07:13:41','2022-08-11 13:46:00'),(1389,'b67a9a36-05dd-f960-49f6-d426a4e46355',36,'מצעי כותנה הדפס כיתוב','מיטה זוגית גודל 200/160\r\n%100 כותנה איכותית','1660216007-6657701a-6aa4-1460-fae5-86fb3cb7b30a.png',100,200,'שווי החלפה - 1290','[]','2022-08-10 07:14:57','2022-08-11 14:06:59'),(1390,'d860b83b-19cd-1612-c09b-1f1d1150ed08',36,'שמיכת חורף זוגית יוקרתית','דגם \"סלביה\"\r\nשמיכה עבה מפנקת רכה ונעימה במיוחד גודל 220/2','1660215157-a8fbf612-061c-1ccd-2a33-c78871a7e0c5.png',100,200,'שווי החלפה - 1290','[\"1660215153-bdd0273a-d3fd-a58a-bcd8-3d4535037847.png\"]','2022-08-10 07:18:23','2022-08-11 13:53:05'),(1391,'cd11e4d9-a557-5322-78aa-4e00181ac808',36,'זוג מגבות ג\'קארד שרלין','מגבת ידיים 60/40 סמ שמנת כותנה 100%\r\nצבע שמנת','1660105178-32d3ce92-94b6-c80d-aba4-b354ab21f9f9.jpg',100,200,'שווי החלפת חבילה - 1170','[\"1660105172-60350278-e549-6e78-3a96-8a88c6846c3f.jpg\"]','2022-08-10 07:19:38','2022-08-11 13:42:52'),(1392,'512d8225-e10f-a06c-bc46-156debfb87c8',36,'2 חלוקי רחצה פרימיום','חלוקי רחצה פרימיום יוקרתיים של ורדינון 100% כותנה!','1660105294-cc1dca32-b8c3-c609-3de5-9b4e0f96326c.jpg',100,200,'שווי החלפת חבילה - 1170','[\"1660105281-28e01e7e-1a83-170e-88cb-5d73a9989580.jpg\"]','2022-08-10 07:21:34','2022-08-11 13:43:17'),(1393,'e76055c8-77aa-1841-86ea-c4679222a242',35,'רוסטר','רוסטר 32 ס\"מ 5.5 ליטר עם כפתור ארומה','1660105401-2580237e-5f17-f57e-6a2f-bfde7be24ee0.jpg',100,200,'שנה','[\"1660105394-8136d91d-259e-6a77-9164-3bb5b6410607.jpg\"]','2022-08-10 07:23:21',NULL),(1394,'e9bebcdf-29d5-5070-71da-c4fd0f51b435',35,'קרש חיתוך','קרש חיתוך מידות 32 * 34','1660105510-3f8ab1f6-a163-84c6-1f3d-21c06f1732a6.jpg',100,200,'שנה','[\"1660105505-d23d919d-afa5-cdbe-33b3-10af89953fe3.jpg\"]','2022-08-10 07:25:10',NULL),(1395,'b1406a14-f4d2-7a1e-3663-7934578e0f4f',35,'סכין שף סנטוקו','סכן שף דגם סנטוקו של נעמן','1660105570-68264059-e521-cb02-9e4e-501a350152af.jpg',100,200,'שנה','[\"1660105562-e9dc0f13-096c-ce81-8348-07d6de4168bc.jpg\"]','2022-08-10 07:26:10',NULL),(1396,'1bef2730-6b48-721a-f8dd-e652b3fc03de',35,'סכין מולטי','סכין מולטי רב תכליתית\r\nסכין אחת שחותכת הכל.\r\n','1660215776-f6e4fdf0-0300-8603-b0bd-2164cd01ad08.jpg',100,200,'שנה','[\"1660215766-36d1e3be-6bb0-742a-ee07-2b207db8bc17.jpg\"]','2022-08-10 07:27:41','2022-08-14 11:49:32'),(1397,'c72fe57b-1a0f-5d33-26eb-7f379ea8216a',35,'זוג כפפות אפיה','זוג כפפות בד ארוכות במיוחד ומקצועיות. עמידות בחום ואש ומגנות על הידיים בשימוש.','1660105805-0378f74d-0386-e6dd-8ad4-f2ec5f0e88d7.jpeg',100,200,'שנה','[\"1660105793-5b528f90-c461-b18e-153f-a43c7adab754.jpg\"]','2022-08-10 07:30:05',NULL),(1398,'28f27dc3-f2ae-1d26-b62a-2e735a99a53c',35,'מגבות מטבח מהודרות','40 * 60 ס\"מ שחור כותנה 100%','1660105884-527ddefb-59dc-a484-b699-ceab73d45419.jpg',100,200,'שנה','[\"1660105880-1177f336-8287-0855-7e9d-86e675776f2f.jpg\"]','2022-08-10 07:31:24',NULL),(1399,'72eb395f-c1a3-d3a8-459d-a4bf19e1a5e4',35,'סט סירים 5 חלקים richstone שיש זהב וכסף יציקת אלומיניום סולתם','סירים ומחבתות מיציקת אלומיניום, חלוקת חום שווה ויעילה, ידיות ארגונומיות יצוקות המתוכננות לנוחות בשימוש ובהעברה. מכסה חסין חום מזכוכית שקופה\r\nעם חריר לשחרור האדים. מיפוי STICK NON איכותי בגימור שיש למניעת הידבקות המזון. מתאימים לכל סוגי הכיריים כולל אינדוקציה, מתאימים לשימוש\r\nבתנור עד לטמפרטורה של 150 מעלות, מתאימים לשימוש במדיח הכלים אך שטיפה ידנית מומלצת. \r\nשוי החלפה: 1,199','1660207558-2351e613-0084-800f-d737-5da84c5bd5f1.jpg',350,440,'שנה','[]','2022-08-11 11:45:58','2022-08-14 11:48:00'),(1400,'1c97c6b6-b89c-b799-7a20-09131c885302',35,'מערכת בישול מושלמת למטבח naaman','\r\nסט בישול 4 חלקים pro\r\n\"גוף הכלי עשוי אלומיניום להולכת חום מהירה ואחידה, לחיסכון בזמן ואנרגיה ובישול איכותי.\r\n- ציפוי Stick-Non למניעת הידבקות המזון, לשימוש מופחת בשמן ולניקוי קל ונוח.\r\n- מכסה עשוי מאלומיניום ומשפר את הולכת החום ואת מהירות הבישול.\r\n- מתאים לכל סוגי הכיריים כולל אינדוקציה.\r\n- ידיות ארגונומיות\r\nהמארז כולל: סוטז 26 ס\"מ + מכסה - 1.3 ליטר, סוטז 32 ס\"מ + מכסה 6 ליטר\r\nזוג מגבות מטבח מהודרות 60*40סמ שחור כותנה %100','1660209133-48b3a126-2777-c0a5-a362-27e328cad379.png',100,150,'שנה','[]','2022-08-11 12:12:13','2022-08-14 11:47:31'),(1401,'68a245c7-c3c1-1af9-2c1a-28f6bd936212',37,'ערכת קפה גלטקס','כירת גז ניידת | ציידנית סלסלה | מחבת קוטר 24\r\n\r\nארבע קופסאות | ארבע כוסות זכוכית\r\n\r\nמלחיות מלח/פלפל | פינג\'אן | כפית | כף עץ','1660210515-526b5dfe-4f24-03a1-c042-cfbdf6b88020.jpg',150,250,'שנה','[]','2022-08-11 12:35:15','2022-08-25 16:51:52'),(1402,'d0e319bb-871a-a03b-0a04-f88dd339f348',37,'ערכת 3 צידניות','צידנית על גלגלים ענקית בנפח 50 ליטר\r\nצידנית טרולי עם ידית נשיאה נוחה לשינוע.\r\nיכולה להכיל עד יותר מ 100 פחיות.\r\nניתן להעמיד בקבוקים באופן זקוף.\r\nמשטח קל לניגוב וניקוי בקלות.\r\nידיות צדדיות להרמה בקלות.\r\nפתח ניקוז תחתון לשחרור מים מהצידנית,\r\nזוג גלגלים חזקים ונוחים לשינוע גם על אדמת חצץ.\r\n\r\nצידנית אישית, נפח 8 ליטר\r\nמתאים לשמירה על מזון קר או חם.\r\nעם ידית נשיאה.\r\n\r\nמיכל שתיה 2.2 ליטר\r\nמיכל למים קרים, בידוד מוחלט. פיה נשלפת למזיגה קלה. עם ידית נשיאה מחוזקת, ציפוי פנימי עמיד בפני ריחות וכתמים, מכסה עליון עם הברגה, לשטיפה וייבוש מהיר.','1660211411-06864f4d-6306-c589-2a69-6ec34739766d.png',350,440,'שנה','[\"1660211394-dbd8be27-8044-df53-bb74-9db2096adefe.png\"]','2022-08-11 12:50:11','2022-08-22 14:53:20'),(1403,'93e5a68b-c806-37e3-b345-08b055c971e6',35,'סט סירים יציקת אלומיניום 5 חלקים prisma סולתם','הסט כלל:\r\nסיר 20 ס\"מ (ורוד בהיר)\r\nסיר 24 ס\"מ (ורוד פוקסיה)\r\nמחבת 24 ס\"מ (סגול בהיר)','1660463992-6af31edc-668f-1e55-0803-c7c3c58c2100.jpg',330,440,'שווי החלפה: 1,209','[]','2022-08-14 10:59:52','2022-08-14 11:48:32'),(1404,'f1912821-7e78-b143-e11b-41abc8afd57d',35,'סט סירים 9 חלקים richstone שיש זהב וכסף xl יציקת אלומיניום סולתם','הסט כלל:\r\nמחבת 28 ס\"מ.\r\nסיר ס4 ס\"מ.\r\nסיר 28 ס\"מ.\r\nכף ניילון.\r\nתרווד ניילון.\r\nמטחנה חשמלית שחורה.\r\nתחתית סיליקון לסיר חם.\r\n','1660464250-561a9a63-4121-cc0d-df98-bae1789a5de2.jpg',350,440,'שווי החלפה: 1,649','[]','2022-08-14 11:04:10','2022-08-14 11:48:14'),(1405,'da3a3258-a553-c0f9-2e52-e57a2af43ee3',34,'פח אשפה לחיצה מעוצב chromex','פח אשפה לחיצה מעוצב, נפח 45 ליטר, גימור שמשתלב בכל חלל בבית.','1660464692-e4138ed2-ddc3-f8f8-4b24-cdf999a14eb9.jpeg',350,440,'שנה','[]','2022-08-14 11:11:32','2022-08-14 11:11:38'),(1406,'f6f6963d-48bd-4a9b-b26f-fe094ee87b28',36,'זוג מגבות מטבח מהודרות vardinon','זוג מגבות מטבח מהודרות 60*40סמ שחור כותנה %100','1660465811-eb7eed37-0390-9401-7cf5-f13bc8ddb080.png',100,150,'שווי החלפה 1590 שח ','[]','2022-08-14 11:30:11','2022-08-14 11:30:17'),(1407,'19104e9f-c540-e127-ce9c-58db96c86a7c',35,'בלנדר מוט מנירוסטה braun','בלנדר מוט מנירוסטה \r\nמכל לעיבוד מזון בנפח 1.5 ליטר אביזר מיוחד להכנת בצק \r\n21 מהירויות בקרת ביצועים ביד אחת \r\n כוס מדידה 600 מ\"ל\r\nבקר שליטה למהירויות \r\nהספק 1000 וואט','1660466185-3b6203b7-76ac-27d6-2219-c937885de590.jpg',390,440,'שנה','[]','2022-08-14 11:36:25','2022-08-14 11:36:31'),(1408,'0eae8062-69d1-4105-b601-16af240314b2',42,'תו הזהב','תו הזהב של שופרסל בשווי 400 ש\"ח \r\nמגוון חנויות ומותגים למימוש','1660482361-0d7627df-587f-f4b9-3ab2-e0d4b81947c4.jpg',378,440,NULL,'[\"1660482352-91766ea4-5bea-6806-fef7-66314745cb38.jpg\"]','2022-08-14 16:06:01','2022-08-25 12:51:17'),(1409,'fefffd54-4390-0241-6dd8-af4e39bcf522',35,'סט סירים 3 חל\' cube סולתם','כלי הבישול מסדרת Cube מיוצרים מאלומיניום, בתהליך Forged ההופך אותם לחזקים ועמידים במיוחד, בעלי מראה עכשווי נוחים לשימוש וקלים לניקוי.\r\nציפוי NON STICK איכותי בגימור שיש. הציפוי מונע הידבקות ללא PFOA, קדמיום, או עופרת. ידידותי לסביבה, מסייעים לשמירה על הבריאות – מיועדים לשימוש מופחת בשמן.\r\n\r\nגוף האלומיניום מבטיח חלוקת חום שווה ויעילה, לקבלת תוצאות בישול מרביות וחסכון בזמן ואנרגיה.\r\n\r\nלסירים מכסה חסין חום מזכוכית שקופה, עם חריר לשחרור אדים למעקב אחר התקדמות תהליך הבישול ללא צורך בהרמת המכסה, מסביב למכסה טבעת סיליקון עבה, לאיטום מיטבי ולשמירה על ציפוי ה Non Stick.\r\n\r\nידיות ארגונומיות בגימור Soft Touch מבודדות חום, נעימות למגע ובטוחות לשימוש.\r\nהמארז כולל:\r\nסוטז 28 ס\"מ\r\nמחבת 28 ס\"מ','1661165014-3498c862-2fbd-9ae3-6694-7623bace65f5.jpeg',350,378,'שווי החלפה: 899','[\"1661165003-56793abf-f3ec-4aa8-7c3c-28d2cc177d62.jpeg\"]','2022-08-22 13:43:34',NULL),(1410,'387c0293-d45e-287b-fc40-4fe04e02b790',35,'סיר קוסקוס + מכסה נירוסטה סולתם','סיר הקוסקוס 7+12 ליטר 28ס\"מ עשוי נירוסטה פלדת אל חלד 18/10.\r\nתחתית הסיר עשויה 3 שכבות המוצמדות בטכנולוגיית היצור המתקדמת ביותר בעולם: Impact bonding המקנה חוזק מרבי לתחתית ומאפשרת פיזור חום אחיד.\r\nמכסה הסיר עשוי מפלדת אל חלד 18/10 עם כפתור בקליט, ידיות הסיר עשויות מבקליט שחור איכותי.\r\nסיר עליון – סיר מסננת אידוי עשויה נירוסטה עם חורים לאידוי הקוסקוס.\r\nהסיר מתאים לשימוש בכל סוגי הכיריים כולל אינדוקציה, לשימוש בתנור עד לטמפרטורה של 150 מעלות.\r\nמתאים לשימוש במדיח הכלים.','1661165153-490d8fab-a113-71a2-9c2a-6f1ee3cfb184.jpg',350,378,'שווי החלפה: 949 ש','[\"1661165145-ee239498-8748-a646-2ada-b0767466c127.jpg\"]','2022-08-22 13:45:53','2022-08-28 15:41:28'),(1411,'4d23ccea-c1a9-6f41-2a2c-682f647400fb',35,'   מארז סירי נירוסטה 6 חלקים קורל- סולתם','הסירים עשויים פלדת אל חלד 18/10 ומאובזרים בידיות וכפתור נירוסטה\r\nתחתית הסירים עשויה 3 שכבות המוצמדות בטכנולוגיית היצור המתקדמת ביותר בעולם: Impact bonding המקנה חוזק מירבי לתחתית, פיזור חום אחיד והולכת חום גבוהה במיוחד החוסכת באנרגיה.\r\nהסירים מתאימים לשימוש בתנור עד 180 מעלות,\r\nמתאים לשימוש בכל סוגי הכיריים כולל אינדוקציה, מתאים לשטיפה במדיח כלים.\r\nהמארז כולל:\r\nסיר 18 ס\"מ – 2.6 ליטר\r\nסיר 24 ס\"מ – 4.7 ליטר\r\nסוטז\' 28 ס\"מ','1661165376-72afa011-d0ab-215e-2c62-a841e5c57fe4.jpg',350,378,'שווי החלפה: 1099 ש\"ח','[\"1661165362-0c7942e4-ef1c-27b6-3e42-1ee7d36bef12.jpg\"]','2022-08-22 13:49:36',NULL),(1412,'ca18e97e-a6c9-b067-eecc-9d59f686e9ad',34,'מטחנת בשר chromex','מטחנת בשר הספק 1800W Locked Motor הילוך אחורי יציבה מאוד על משטח ישר 3 רשתות איכותיות דקה , בינונית, עבה אביזר למילוי קבב ונקניקיות','1661166154-7eaef8fb-d6f3-9a94-ae6c-d603773beb7f.jpg',350,378,'שנה','[]','2022-08-22 14:02:34','2022-08-22 14:02:40'),(1413,'8a912538-ca7c-c2bc-35e8-da04b68d021a',34,'מיקרוגל דיגיטלי chromex','מיקרוגל דיגיטלי 20 ליטר - רטרו הספק 700 וואט, בקרת תצוגה דיגיטלית.\r\n8 מצבי עבודה אוטומטיים, תוכנית להפשרה לפי זמן ולפי משקל, תוכנית לבישול מהיר, נעילת בטחון בפני ילדים גוון: ירקרק','1661166249-1661fe9c-1c99-afb7-846a-7752c526863a.jpg',350,378,'שנה','[]','2022-08-22 14:04:09','2022-08-22 14:04:13'),(1414,'54ae4dc4-a097-d2bf-0672-98606f1f2a5c',36,'שמיכת חורף זוגית יוקרתית דגם ','שמיכת חורף זוגית יוקרתית דגם \"אמרסון\r\nשמיכה מפנקת רכה ונעימה במיוחד גודל 220/200','1661167612-48cc3e11-2e75-ca7d-8a84-5275fdd03bf6.png',150,250,'שווי החלפה: 1120 ש','[]','2022-08-22 14:26:52','2022-08-22 14:30:14'),(1415,'1e9d0c43-7738-d8ec-af44-49cfe1998ced',35,'סט בישול 5 חלקים thermo spot- נעמן','הסדרה עם הסימון החכם כשהכלי חם.\r\nלמניעת הידבקות המזון, לשימוש מופחת בשמן ולניקוי קל ונוח. STICK-NON ציפוי\r\nידיות אחיזה לשימוש נוח ובטוח.\r\nמתאים לכל סוגי הכיריים כולל אינדוקציה.\r\nהמארז כולל:\r\nמחבת 20 ס“מ\r\nסיר 20 ס“מ\r\nסוטאז‘ 28 ס“מ','1661167804-a57d43a0-aad7-9a40-7648-83436a3e372e.png',300,400,'שווי החלפה: 1400 ש','[]','2022-08-22 14:30:04','2022-08-25 16:51:11'),(1416,'f7fd317f-7788-92f2-2380-6bd1875e869b',35,'מארז זוג מחבתות לטיגון בעלות ידית שאינה מתחממת','מארז זוג מחבתות לטיגון בעלות ידית שאינה מתחממת STICK NON\r\nאיכותי למניעת הדבקות המזון- מתאים לכול סוגי הכיריים כולל אינדוקציה\r\nצבע כחול מבריק\r\nהמארז כולל:\r\nמחבת 20 ס\"מ\r\nמחבת 24 ס\"מ','1661168094-1b42fe36-2867-4b21-8a2b-3800c35adc3b.jpg',150,300,'שווי החלפה 1100 שח ','[]','2022-08-22 14:34:54','2022-08-22 14:46:17'),(1417,'947cb91a-ef89-b236-11d7-3ef5a3d52141',35,'סט 3 חלקים  נעמן','סט 3 חלקים, סיר 24 ס\"מ 4.5 ליטר.\r\nמחבת 24 ס\"מ שחור.\r\nהסט בצבע שחור.\r\n','1661168382-b2692b4d-b3b0-67d3-a233-86767f231633.png',150,300,'שווי החלפה: 1200 ש','[]','2022-08-22 14:39:42','2022-08-22 14:39:48'),(1418,'3f354f17-9772-d440-f869-23511c1abdb7',35,'בוצ\'ר סכינים וסינר',' ACACIA ס\"מ 5.x20x1 -בוצ\'ר מעץ 5.33\r\nתעלת ניקוז נוזלים.\r\n- סכין סנטוקו – אידיאלית לחיתוך וקיצוץ כל סוגי המזון –\r\n17 ס\"מ.\r\n- סכין סנטוקו – אידיאלית לחיתוך וקיצוץ כל סוגי המזון –\r\n18 ס\"מ.\r\n- סכין קילוף - אידיאלית לקילוף פירות וירקות – 9 ס\"מ\r\nס\"מ. x72 -סינר לבישול 68\r\n- קולפן מולטי 3 פעולות באחד.\r\n- מספרים לעוף דגים ובשר.','1661168690-e44ac9b2-daa7-7c40-d4ff-0a1b41558f88.png',250,350,'שווי החלפה 1200 ש','[]','2022-08-22 14:44:50','2022-08-22 14:44:55'),(1419,'1493935c-91dd-de04-e474-aa267a719d8e',36,'סט מגבות של ערד','סט מגבות 100% כותנה 550 גרם.\r\n10 מגבות גוף 150×70.\r\n10 מגבות פנים 40×80.','1661338770-8ddab3f9-bbc0-9822-ec80-403f3a981c20.jpg',350,378,'אין','[\"1661338714-fe7eba7c-1f93-65c0-e8f3-50e196f37d0f.jpg\"]','2022-08-24 13:59:30',NULL),(1420,'f8b06c1a-7064-1a68-fea0-7394199f92c5',36,'שמיכת פוך איכותית yard&co','שמיכת חורף קלה ומחממת מתאימה לקיץ\r\nלשינה עם מזגן או בלי. במילוי הולפייבר\r\n(פוך סינטטי ) סיבי הולפייבר הם סיבים מחוררים\r\nהכולאים ושומרים את האוויר החם בתוכם השמיכה\r\nשומרת על חום השמיכה אל-אלרגית, תפורה בקוביות\r\nניתנת לכביסה במכונה','1661422134-8e1be792-ec0f-a7df-1bef-cb8be63030bf.jpeg',150,200,'אין','[]','2022-08-25 13:08:54','2022-08-25 13:09:03'),(1421,'5bee8b84-d750-3581-8c71-d022b98f5ad1',36,'סט מצעים 100% כותנה יחיד דגם אפור בהיר yard&co','רכב בד 100% כותנה איכותית ורכה. הסט פותח עיצובית את חדר השינה, נותן אור והרגשה נעימה. מאוד מומלץ בסדרת\r\nה Mix&Match להזמין צבע נוסף לבחירתכם לדוגמא: עם הסט האפור להזמין גם סט שחור או לבן חלק ואז אפשר לשלב צבעים,\r\nדוגמא: סדין שחור וציפיות לכריות אפורות, עם ציפה לבנה חלקה ואפשר לשים גם ארבע ציפיות זוג אפור וזוג שחור, עיצוב מושלם\r\nמידות:\r\nסדין:90/200\r\nציפה: 150/200\r\nציפית:50/70','1661422708-5a7fbefc-b318-37ad-ac62-2d5b88ce006d.jpeg',150,200,'אין','[]','2022-08-25 13:18:28','2022-08-25 13:18:49'),(1422,'a41320de-50b0-7de0-77e6-5ff4b30dce24',36,'סט מצעים 100% כותנה יחיד דגם אפור כהה yard&co','הרכב בד 100% כותנה איכותית ורכה. הסט פותח עיצובית את חדר השינה נותן אור והרגשה נעימה.\r\nמאוד מומלץ בסדרת ה Mix&Match להזמין צבע נוסף לבחירתכם לדוגמא: עם הסט האפור להזמין\r\nגם סט שחור או לבן חלק ואז אפשר לשלב צבעים, דוגמא: סדין שחור וציפיות לכריות אפורות, עם ציפה\r\nלבנה חלקה ואפשר לשים גם ארבע ציפיות זוג אפור וזוג שחור, עיצוב מושלם!\r\nמידות:\r\nסדין:90/200\r\nציפה: 150/200\r\nציפית:50/70','1661422859-cf168108-8a01-eb1d-005c-520c62ff6c48.jpeg',150,200,'אין','[\"1661422858-96184f0b-832c-1e6d-2971-da0505dd122e.jpeg\"]','2022-08-25 13:20:59','2022-08-25 13:21:32'),(1423,'0bcddfaa-eeb1-f24d-99ae-c6175035a374',36,'כריות איכותיות yard&co','זוג כריות בד חיצוני 100% כותנה, מילוי פנימי סיבי קונפור. ניתן לכבס במכונת כביסה לא מקבל ג\'ולות וגושים. עומד בתקנים של בתי מלון 5 כוכבים.\r\nמשקל כרית אחת: 700 ג\'\r\nמידות: 50/70','1661423164-07d7bf5a-bf23-0f2e-8647-939933959359.jpeg',100,150,'אין','[]','2022-08-25 13:26:04','2022-08-25 13:26:10'),(1424,'65b7a114-b787-71b7-b5e7-356f4aee959b',36,'סט מצעים זוגי 100% כותנה yard&co','סט מצעים מעוצב בהרכב בד מפנק 100% כותנה.\r\nהדפס צבעוני ובולט המתחיל בגוון כחול חלש המתחזק\r\nעד גוון כחול חזק. הציפיות מעוטרות בכתב \'SWEET DREAMS\'.\r\nניתן לשלב עם שמיכת קיץ תואמת.\r\nסוג הבד: 100% כותנה\r\nהסט כולל: סדין 160/200 | זוג ציפיות 50/70 | ציפה 200/220','1661424172-d427dda5-aaba-f8b3-65ef-881f47191b73.jpeg',150,250,'אין','[\"1661424168-9222b7fe-3bf1-3e1d-4418-159fbfc1ce64.jpeg\"]','2022-08-25 13:42:52','2022-08-25 16:46:53');
/*!40000 ALTER TABLE `tbl_products` ENABLE KEYS */;
UNLOCK TABLES;

--
-- Table structure for table `tbl_user_types`
--

DROP TABLE IF EXISTS `tbl_user_types`;
/*!40101 SET @saved_cs_client     = @@character_set_client */;
/*!40101 SET character_set_client = utf8 */;
CREATE TABLE `tbl_user_types` (
  `id` int(11) NOT NULL AUTO_INCREMENT,
  `user_type_guid` char(36) NOT NULL,
  `user_type_name` varchar(100) CHARACTER SET utf8mb3 NOT NULL,
  `is_admin` enum('Yes','No') NOT NULL DEFAULT 'Yes',
  `is_permitted` enum('No','Yes') NOT NULL DEFAULT 'Yes' COMMENT '(Yes will be only for Data Write option)',
  `created_date` datetime NOT NULL,
  PRIMARY KEY (`id`),
  UNIQUE KEY `user_type_name` (`user_type_name`)
) ENGINE=InnoDB AUTO_INCREMENT=4 DEFAULT CHARSET=latin1;
/*!40101 SET character_set_client = @saved_cs_client */;

--
-- Dumping data for table `tbl_user_types`
--

LOCK TABLES `tbl_user_types` WRITE;
/*!40000 ALTER TABLE `tbl_user_types` DISABLE KEYS */;
INSERT INTO `tbl_user_types` VALUES (1,'','Super Admin','Yes','No','2020-07-20 08:15:00'),(2,'3a30e5e1-9ec3-11eb-94aa-74dfbfb4fcb7','Clients','Yes','Yes','2021-04-16 07:00:00'),(3,'3a30f346-9ec3-11eb-94aa-74dfbfb4fcb7','Employees','No','No','2021-04-16 07:00:00');
/*!40000 ALTER TABLE `tbl_user_types` ENABLE KEYS */;
UNLOCK TABLES;

--
-- Table structure for table `tbl_users`
--

DROP TABLE IF EXISTS `tbl_users`;
/*!40101 SET @saved_cs_client     = @@character_set_client */;
/*!40101 SET character_set_client = utf8 */;
CREATE TABLE `tbl_users` (
  `user_id` int(11) NOT NULL AUTO_INCREMENT,
  `user_guid` char(36) NOT NULL,
  `user_type_id` int(11) NOT NULL,
  `parent_user_id` int(11) DEFAULT NULL,
  `client_id` int(11) DEFAULT NULL COMMENT '(For employees)',
  `first_name` varchar(250) CHARACTER SET utf8mb3 NOT NULL,
  `last_name` varchar(250) CHARACTER SET utf8mb3 DEFAULT NULL,
  `email` varchar(250) CHARACTER SET utf8mb3 NOT NULL,
  `phone_number` varchar(100) DEFAULT NULL,
  `password` varchar(255) NOT NULL,
  `employee_budget` int(11) DEFAULT NULL COMMENT '(For client)',
  `delivery_method` enum('Pickup','Door to Door','Both') DEFAULT NULL,
  `client_configs` text CHARACTER SET utf8mb3 DEFAULT NULL,
  `country_id` int(11) DEFAULT NULL,
  `state_id` int(11) DEFAULT NULL,
  `city_id` int(11) DEFAULT NULL,
  `age` int(10) unsigned DEFAULT NULL,
  `gender` enum('Male','Female','Other') DEFAULT NULL,
  `login_session_key` varchar(255) DEFAULT NULL,
  `user_image` text DEFAULT NULL,
  `user_token` varchar(500) DEFAULT NULL,
  `user_status` enum('Pending','Verified','Blocked','Order Placed') NOT NULL DEFAULT 'Pending',
  `created_date` datetime NOT NULL,
  `last_login` datetime DEFAULT NULL,
  `last_activity` datetime DEFAULT NULL,
  `total_credits` smallint(6) DEFAULT 0,
  `deadline` varchar(155) DEFAULT NULL,
  PRIMARY KEY (`user_id`),
  UNIQUE KEY `email` (`email`),
  KEY `id` (`user_id`),
  KEY `country_id` (`country_id`),
  KEY `user_type_id` (`user_type_id`),
  KEY `user_type_id_2` (`user_type_id`),
  KEY `country_id_2` (`country_id`),
  KEY `state_id` (`state_id`),
  KEY `city_id` (`city_id`),
  KEY `city_id_2` (`city_id`),
  CONSTRAINT `tbl_users_ibfk_1` FOREIGN KEY (`user_type_id`) REFERENCES `tbl_user_types` (`id`) ON DELETE CASCADE
) ENGINE=InnoDB AUTO_INCREMENT=316 DEFAULT CHARSET=latin1;
/*!40101 SET character_set_client = @saved_cs_client */;

--
-- Dumping data for table `tbl_users`
--

LOCK TABLES `tbl_users` WRITE;
/*!40000 ALTER TABLE `tbl_users` DISABLE KEYS */;
INSERT INTO `tbl_users` VALUES (5,'453fa6aa-eed2-69fb-dea0-7d80ec88404e',1,NULL,NULL,'Galtex','App','admin@galtex.com','9090909091','e10adc3949ba59abbe56e057f20f883e',NULL,NULL,NULL,NULL,NULL,NULL,NULL,'Male','c5eeaa1c-4f16-b5b9-d4f4-65fb0c9706cb',NULL,NULL,'Verified','2016-05-21 07:15:16','2023-04-07 14:23:12','2023-04-07 14:31:12',0,NULL),(180,'31cf4786-9b20-4506-04fd-c3c10018ad9f',2,5,NULL,'Lara','Larson','jok@mailinator.com','0525501806','e10adc3949ba59abbe56e057f20f883e',1000,'Door to Door','{\"company_name\":\"Pittman Castillo Traders\",\"contact_name\":\"Melvin Foley\",\"contact_number\":\"27\",\"shop_title\":\"\\u05e9\\u05dc\\u05d5\\u05dd \\u05e2\\u05d5\\u05dc\\u05dd\",\"theme_color\":\"#368569\",\"company_logo\":\"1646224211-5a3f9ef4-2379-8756-bcbd-987c19e32fe9.png\"}',NULL,NULL,NULL,NULL,NULL,'5960af1d-91c1-3be9-5964-ad52abe424a3',NULL,NULL,'Verified','2024-03-02 14:30:11','2022-03-14 14:44:58','2022-03-14 14:45:19',0,'05/05/2022'),(203,'aec95326-bf01-38db-4703-ee075af970c0',2,5,NULL,'הרצה 1','הרצה 1','tomer1.gihan@gmail.com',NULL,'e10adc3949ba59abbe56e057f20f883e',500,'Both','{\"company_name\":\"\\u05d4\\u05e8\\u05e6\\u05d4 1\",\"contact_name\":\"\\u05ea\\u05d5\\u05de\\u05e8\",\"contact_number\":\"0546949023\",\"shop_title\":\"\\u05d4\\u05e8\\u05e6\\u05d4 1\",\"theme_color\":\"#d92020\",\"company_logo\":\"1647267291-2ff1bcee-8da6-3ed4-101e-450ed1969256.png\"}',NULL,NULL,NULL,NULL,NULL,NULL,NULL,NULL,'Verified','2022-03-14 16:14:51','2022-03-14 16:16:06',NULL,0,'07/14/2022'),(213,'d2925b03-7242-5599-7b4d-9b976f03f4ad',2,5,NULL,'שירן','גורי','shiranh@guri.co.il',NULL,'e10adc3949ba59abbe56e057f20f883e',378,'Pickup','{\"company_name\":\"\\u05d2\\u05d5\\u05e8\\u05d9 \\u05e2.\\u05e2.\\u05e2\",\"contact_name\":\"\\u05e9\\u05d9\\u05e8\\u05df \\u05d2\\u05d5\\u05e8\\u05d9\",\"contact_number\":\"0542450681\",\"shop_title\":\"\\u05d7\\u05d2 \\u05e9\\u05de\\u05d7 \\u05dc\\u05db\\u05dc \\u05e2\\u05d5\\u05d1\\u05d3\\u05d9 \\u05d2\\u05d5\\u05e8\\u05d9, \\u05d0\\u05ea\\u05e8 \\u05de\\u05ea\\u05e0\\u05d5\\u05ea \\u05dc\\u05d1\\u05d7\\u05d9\\u05e8\\u05ea\\u05db\\u05dd\",\"theme_color\":\"#d41c1c\",\"company_logo\":\"1661156657-240e236b-1575-4f9a-c4fd-26e331d6f149.jpg\"}',NULL,NULL,NULL,NULL,NULL,NULL,NULL,NULL,'Verified','2022-08-22 11:24:17','2022-08-29 18:19:29',NULL,0,'04/05/2023'),(214,'0104d672-9ca2-dfd5-4617-8826c2e1d7ed',3,5,213,'אורית','לביא','oritl@guri.co.il','0525501805','e10adc3949ba59abbe56e057f20f883e',NULL,NULL,NULL,NULL,NULL,NULL,NULL,NULL,'cf87d54f-b240-4e23-084c-9a204f99a9c2',NULL,'875699','Verified','2022-08-22 15:00:50','2022-09-05 11:18:11','2022-09-05 11:23:25',0,NULL),(216,'641eacac-5d67-25ea-a121-7c7d0933a4c7',3,5,213,'ציון','עזריאל','zion@guri.co.il','0542450710','e10adc3949ba59abbe56e057f20f883e',NULL,NULL,NULL,NULL,NULL,NULL,NULL,NULL,'cf7f4438-ee47-5a8f-de78-fef2c80b79b4',NULL,'514427','Verified','2022-08-24 13:20:41','2022-08-28 10:29:25','2022-08-28 10:52:44',0,NULL),(217,'aa692315-4184-2d40-a83d-d3f93ead0c24',3,5,213,'יוסף','דותן','yossid@guri.co.il','0542450612','e10adc3949ba59abbe56e057f20f883e',NULL,NULL,NULL,NULL,NULL,NULL,NULL,NULL,'80fa6064-255f-f97f-56e2-f4aa4cb55a73',NULL,'669193','Verified','2022-08-24 13:20:41','2022-09-07 09:47:25','2022-09-07 09:48:07',0,NULL),(218,'16019fe7-b76e-c0e7-c5a1-96ce609672a5',3,5,213,'יוסף','אלוק','yossefe@guri.co.il','0542677465','e10adc3949ba59abbe56e057f20f883e',NULL,NULL,NULL,NULL,NULL,NULL,NULL,NULL,'d5e9bd2b-5828-6138-e1f1-8873f442bd95',NULL,'682552','Verified','2022-08-24 13:20:41','2022-09-07 16:13:37','2022-09-07 16:16:09',0,NULL),(219,'32ce24f9-8c31-4832-f09d-573ed3c555f7',3,5,213,'ולדיסלב','יזראילוב','vlad3262@walla.com','0504927481','e10adc3949ba59abbe56e057f20f883e',NULL,NULL,NULL,NULL,NULL,NULL,NULL,NULL,NULL,NULL,NULL,'Verified','2022-08-24 13:20:41',NULL,NULL,0,NULL),(220,'312dce3d-a858-895e-61f5-944b6817dbe4',3,5,213,'טוני','צמח','toniz@guri.co.il','0542450837','e10adc3949ba59abbe56e057f20f883e',NULL,NULL,NULL,NULL,NULL,NULL,NULL,NULL,'7f31c3a4-2c55-20b9-4bc8-c1bf3e634dfb',NULL,'827483','Verified','2022-08-24 13:20:41','2022-09-07 15:11:56','2022-09-07 15:12:55',0,NULL),(221,'df1e37b6-bb00-29f3-94c6-2a755b3749c7',3,5,213,'אלברטו','סינרייך','tito@guri.co.il','0542450978','e10adc3949ba59abbe56e057f20f883e',NULL,NULL,NULL,NULL,NULL,NULL,NULL,NULL,NULL,NULL,NULL,'Verified','2022-08-24 13:20:41',NULL,NULL,0,NULL),(222,'ada8d4cd-cf89-fb74-dd4d-b928f52cdaad',3,5,213,'תמיר','אברהם','tamira@guri.co.il','0542450668','e10adc3949ba59abbe56e057f20f883e',NULL,NULL,NULL,NULL,NULL,NULL,NULL,NULL,'f8488752-526f-306e-c5e5-28af420a8532',NULL,'357336','Verified','2022-08-24 13:20:41','2022-08-31 14:08:27','2022-08-31 14:09:11',0,NULL),(223,'4c0f55ab-67e4-857e-9572-d3b0ea87ae9b',3,5,213,'טליה','גבאי','taliag@guri.co.il','0542450355','e10adc3949ba59abbe56e057f20f883e',NULL,NULL,NULL,NULL,NULL,NULL,NULL,NULL,'261370a9-df82-0402-dfd7-a722b27a55c8',NULL,'173807','Verified','2022-08-24 13:20:41','2022-08-30 16:47:04','2022-08-30 16:51:17',0,NULL),(224,'fb1be2fe-11aa-2e7d-85b0-0375528f45af',3,5,213,'אסתר','סדיקוב','stela@guri.co.il','0503319713','e10adc3949ba59abbe56e057f20f883e',NULL,NULL,NULL,NULL,NULL,NULL,NULL,NULL,'8ab71d6b-e927-dee9-a6c6-60d227375acd',NULL,'919184','Verified','2022-08-24 13:20:41','2022-09-05 11:39:46','2022-09-05 11:45:59',0,NULL),(225,'fee370a3-0b4a-61d4-f6df-7ce3e804b8f6',3,5,213,'סיגל','חכימי','sigalh@guri.co.il','0542450625','e10adc3949ba59abbe56e057f20f883e',NULL,NULL,NULL,NULL,NULL,NULL,NULL,NULL,'d40a8222-eaa4-24c2-985e-ec78dc93ba7e',NULL,'637613','Verified','2022-08-24 13:20:41','2022-08-29 19:59:55','2022-08-29 20:00:35',0,NULL),(226,'c94690fd-cf99-aa10-1a2e-1ce93e3f6e53',3,5,213,'שושנה','דובלרו','shoshd@guri.co.il','0506573700','e10adc3949ba59abbe56e057f20f883e',NULL,NULL,NULL,NULL,NULL,NULL,NULL,NULL,'2d3a29f9-266e-6337-dc46-7a307cd69da1',NULL,'950911','Verified','2022-08-24 13:20:41','2022-08-28 07:47:46','2022-08-28 07:52:42',0,NULL),(227,'c0a1ff48-4d70-0c8a-96bb-e2f7dbb913e7',3,5,213,'שונטל','מימון-דכטיאר','shontalm@guri.co.il','0547590981','e10adc3949ba59abbe56e057f20f883e',NULL,NULL,NULL,NULL,NULL,NULL,NULL,NULL,'f2c92252-9606-ece9-7abe-3bdc182c7bf9',NULL,'328647','Verified','2022-08-24 13:20:41','2022-08-29 23:46:33','2022-08-29 23:48:19',0,NULL),(228,'fdca87f9-b677-0358-f5a8-9a18d2095ec8',3,5,213,'שירי','ידגר','shiri@guri.co.il','544707950','e10adc3949ba59abbe56e057f20f883e',NULL,NULL,NULL,NULL,NULL,NULL,NULL,NULL,'d4f6d9c0-0b02-14eb-8883-14484593be48',NULL,'205478','Verified','2022-08-24 13:20:41','2022-09-01 14:50:10','2022-09-01 14:51:43',0,NULL),(231,'8d408e6e-b273-08af-297c-446754476dfa',3,5,213,'שרון','פרץ','sharonp@guri.co.il','0542450845','e10adc3949ba59abbe56e057f20f883e',NULL,NULL,NULL,NULL,NULL,NULL,NULL,NULL,'ffe9decf-2121-2e28-39da-c048cca45ef8',NULL,'832988','Verified','2022-08-24 13:20:41','2022-08-29 17:42:23','2022-08-29 17:44:16',0,NULL),(232,'ed9be688-a5c3-d6ed-1723-735bdbdaf32e',3,5,213,'יהודית שרון','חליאואה','sharon@guri.co.il','0542450674','e10adc3949ba59abbe56e057f20f883e',NULL,NULL,NULL,NULL,NULL,NULL,NULL,NULL,'ea139ac1-b2f5-4ffb-a1c6-76e7bf492cf6',NULL,'715992','Verified','2022-08-24 13:20:41','2022-08-28 08:46:11','2022-08-28 08:50:29',0,NULL),(233,'3e34135e-d849-5edb-21d9-30936c3459cf',3,5,213,'שי','גלברט','shaig@guri.co.il','0542450441','e10adc3949ba59abbe56e057f20f883e',NULL,NULL,NULL,NULL,NULL,NULL,NULL,NULL,'6881bc2c-56b4-ce4f-f1b0-6682bf734b61',NULL,'600963','Verified','2022-08-24 13:20:41','2022-08-29 23:21:02','2022-08-29 23:21:42',0,NULL),(234,'f7356ec4-3b06-caa3-d1a3-8fd20af44654',3,5,213,'שרית','נגו','saritn@guri.co.il','0525266941','e10adc3949ba59abbe56e057f20f883e',NULL,NULL,NULL,NULL,NULL,NULL,NULL,NULL,'e61d467e-285d-f0c6-d044-b83c65fe9212',NULL,'635267','Verified','2022-08-24 13:20:41','2022-09-05 11:44:41','2022-09-05 12:07:06',0,NULL),(235,'3b17e0d6-eb81-5462-1c26-046abafa9e6c',3,5,213,'סנדרה','רחמן','sandra@guri.co.il','0542450965','e10adc3949ba59abbe56e057f20f883e',NULL,NULL,NULL,NULL,NULL,NULL,NULL,NULL,'66bef0ae-ef4b-3e2d-7503-841498a4650a',NULL,'452428','Verified','2022-08-24 13:20:41','2022-09-06 10:16:07','2022-09-06 10:17:19',0,NULL),(236,'a4f9175c-2e3a-400b-53ec-c2dbf06960cf',3,5,213,'שגית','כלב','sagitk@guri.co.il','0526313701','e10adc3949ba59abbe56e057f20f883e',NULL,NULL,NULL,NULL,NULL,NULL,NULL,NULL,'61d96978-4aad-8ac5-b645-93c55923b255',NULL,'765700','Verified','2022-08-24 13:20:41','2022-09-04 09:05:22','2022-09-04 09:06:40',0,NULL),(237,'789bac96-62a3-efd4-408a-7bfb7cb87e50',3,5,213,'סער','ביטון','saarb@guri.co.il','0545776844','e10adc3949ba59abbe56e057f20f883e',NULL,NULL,NULL,NULL,NULL,NULL,NULL,NULL,'6b5f1356-0fc0-a7d9-ebf9-72e8003c7110',NULL,'956528','Verified','2022-08-24 13:20:41','2022-08-31 19:08:16','2022-08-31 19:15:10',0,NULL),(238,'f0f5b148-a38f-8a15-f6b2-45911ff5870c',3,5,213,'רותי','אלקיס','rutie@guri.co.il','0544924595','e10adc3949ba59abbe56e057f20f883e',NULL,NULL,NULL,NULL,NULL,NULL,NULL,NULL,'27b0a9fd-7512-8c1f-8f34-bfd0cefc03f5',NULL,'557699','Verified','2022-08-24 13:20:41','2022-09-07 14:58:41','2022-09-07 15:00:10',0,NULL),(239,'aa43831f-4549-73ea-4a54-0138f5f429aa',3,5,213,'רוני','ריינר','ronir@guri.co.il','0538232330','e10adc3949ba59abbe56e057f20f883e',NULL,NULL,NULL,NULL,NULL,NULL,NULL,NULL,NULL,NULL,NULL,'Verified','2022-08-24 13:20:41',NULL,NULL,0,NULL),(240,'5dfdc8c2-e373-556f-a211-e36f9c571046',3,5,213,'רונן','סטודניק','ronen@guri.co.il','0542450819','e10adc3949ba59abbe56e057f20f883e',NULL,NULL,NULL,NULL,NULL,NULL,NULL,NULL,'f6013b2d-2e93-06d6-4357-50478f56494c',NULL,'731464','Verified','2022-08-24 13:20:41','2022-08-25 20:34:05','2022-08-25 21:11:49',0,NULL),(241,'5f03781c-7399-37c3-e3f2-ac04d7b43559',3,5,213,'רועי','מוסרי','roim@guri.co.il','0542450817','e10adc3949ba59abbe56e057f20f883e',NULL,NULL,NULL,NULL,NULL,NULL,NULL,NULL,'9e427cf7-be97-e99f-d800-597d6c076034',NULL,'863288','Verified','2022-08-24 13:20:41','2022-09-05 13:51:06','2022-09-05 14:01:33',0,NULL),(242,'b8980980-1a54-0cad-78d2-805bf44154ae',3,5,213,'רחל','מושייב','rmoshiev@gmail.com','0547391005','e10adc3949ba59abbe56e057f20f883e',NULL,NULL,NULL,NULL,NULL,NULL,NULL,NULL,'502dcb65-1ce2-7002-c5fc-486a584e27c9',NULL,'464058','Verified','2022-08-24 13:20:41','2022-08-25 20:02:55','2022-08-25 20:26:05',0,NULL),(243,'651c5d42-344c-6e5a-04da-00c3937c692e',3,5,213,'ריקרדו','רחמן','ricky@guri.co.il','0542450635','e10adc3949ba59abbe56e057f20f883e',NULL,NULL,NULL,NULL,NULL,NULL,NULL,NULL,'4e4e5f38-71a7-fc7f-53d3-135eb4a24645',NULL,'523500','Verified','2022-08-24 13:20:41','2022-08-25 23:46:53','2022-08-25 23:48:54',0,NULL),(245,'030ffb45-09eb-cfdd-ed33-73673399056b',3,5,213,'רחל','בן לולו','rechelbl@guri.co.il','0542450660','e10adc3949ba59abbe56e057f20f883e',NULL,NULL,NULL,NULL,NULL,NULL,NULL,NULL,'f02fae0d-7c9a-82c6-01c1-b05e980d6bff',NULL,'660662','Verified','2022-08-24 13:20:41','2022-09-05 11:09:17','2022-09-05 11:11:45',0,NULL),(246,'d8ccd21b-fc04-b136-2146-5b42013bb629',3,5,213,'רחלי','צרויה','rachela@guri.co.il','0542450777','e10adc3949ba59abbe56e057f20f883e',NULL,NULL,NULL,NULL,NULL,NULL,NULL,NULL,'05dab6cc-0365-9783-899e-8cb68e32b7f8',NULL,'764137','Verified','2022-08-24 13:20:41','2022-09-07 00:03:37','2022-09-07 00:27:30',0,NULL),(247,'1a167b0e-9584-a98b-ba80-07cf78a0eed7',3,5,213,'פולינה','אייזנברג','polinaa@guri.co.il','0546482638','e10adc3949ba59abbe56e057f20f883e',NULL,NULL,NULL,NULL,NULL,NULL,NULL,NULL,'d86c9a7e-ff72-0260-6cb7-4481bdf232d1',NULL,'544247','Verified','2022-08-24 13:20:41','2022-09-07 10:10:46','2022-09-07 10:20:23',0,NULL),(248,'df4da4c5-91b1-7a69-a6d4-016bb02d081c',3,5,213,'פבלו','פסטורוטי','pablop@guri.co.il','0542450670','e10adc3949ba59abbe56e057f20f883e',NULL,NULL,NULL,NULL,NULL,NULL,NULL,NULL,NULL,NULL,'666312','Verified','2022-08-24 13:20:41','2022-09-07 18:48:24',NULL,0,NULL),(249,'c0ba3fd5-5646-5c20-246c-6274528c1693',3,5,213,'אורית','טטרוב','oritt@guri.co.il','0504544645','e10adc3949ba59abbe56e057f20f883e',NULL,NULL,NULL,NULL,NULL,NULL,NULL,NULL,'4ce35299-7ef1-1c49-46fd-9392a5015fc2',NULL,'603053','Verified','2022-08-24 13:20:41','2022-08-28 09:22:52','2022-08-28 09:29:11',0,NULL),(251,'e99e0f0e-4090-805c-dc07-29f9f8d60a99',3,5,213,'עומר','יגל','omery@guri.co.il','0584779922','e10adc3949ba59abbe56e057f20f883e',NULL,NULL,NULL,NULL,NULL,NULL,NULL,NULL,'649037a8-ccbd-3589-2716-9fe03e0c66a0',NULL,'133870','Verified','2022-08-24 13:20:41','2022-08-29 20:52:50','2022-08-29 20:58:14',0,NULL),(252,'a9ee5b50-1fc4-a009-120d-82394dac9b79',3,5,213,'עודד','גורי','odedg@guri.co.il','0542450700','e10adc3949ba59abbe56e057f20f883e',NULL,NULL,NULL,NULL,NULL,NULL,NULL,NULL,'1c75e620-e291-ed0e-7232-d22218b33e60',NULL,'306320','Verified','2022-08-24 13:20:41','2022-09-07 10:54:57','2022-09-07 11:21:00',0,NULL),(253,'25f0072e-1033-96bd-b551-eec7d83b64df',3,5,213,'נסים','ויצמן','Nissimw@guri.co.il','0542450666','e10adc3949ba59abbe56e057f20f883e',NULL,NULL,NULL,NULL,NULL,NULL,NULL,NULL,'881267a2-1cd8-9d64-0fed-10131e883ba2',NULL,'806479','Verified','2022-08-24 13:20:41','2022-09-06 18:05:41','2022-09-06 18:06:00',0,NULL),(254,'a48d14b2-18a7-65bf-acc4-f1672109e7c0',3,5,213,'נסים','שיטרית','nissims@guri.co.il','0542450859','e10adc3949ba59abbe56e057f20f883e',NULL,NULL,NULL,NULL,NULL,NULL,NULL,NULL,'feb68b8e-c005-bda2-0ccf-ecb1631ae574',NULL,'270834','Verified','2022-08-24 13:20:41','2022-08-27 13:07:59','2022-08-27 13:08:00',0,NULL),(255,'091ccb17-6910-2dc4-ce51-7fd2e6a31460',3,5,213,'ניר','פרץ','nirp@guri.co.il','0542450755','e10adc3949ba59abbe56e057f20f883e',NULL,NULL,NULL,NULL,NULL,NULL,NULL,NULL,'55b4ed01-68ee-0143-c713-6dfc1bad72a0',NULL,'112724','Verified','2022-08-24 13:20:41','2022-09-04 01:17:33','2022-09-04 01:27:39',0,NULL),(256,'1862c08c-732c-2f1a-246b-3b4dcd3f1cf2',3,5,213,'ניר','מלכה','nirm@guri.co.il','0542450643','e10adc3949ba59abbe56e057f20f883e',NULL,NULL,NULL,NULL,NULL,NULL,NULL,NULL,'9ee49cf6-4169-2c55-9cd7-b210d0558607',NULL,'335423','Verified','2022-08-24 13:20:41','2022-08-28 07:18:20','2022-08-28 07:22:36',0,NULL),(257,'5b5f514b-e4e4-3dc1-62fa-5e5576790c1c',3,5,213,'נלסון','בלבירר','nelson@guri.co.il','0542450926','e10adc3949ba59abbe56e057f20f883e',NULL,NULL,NULL,NULL,NULL,NULL,NULL,NULL,'9c978c1a-0979-2395-0477-e22cb8cf4eb1',NULL,'470559','Verified','2022-08-24 13:20:41','2022-08-30 07:07:54','2022-08-30 07:08:53',0,NULL),(258,'82d3c330-93b7-51ed-88cd-2fb692fbac32',3,5,213,'נחמה','גורי','nehama@guri.co.il','0542450840','e10adc3949ba59abbe56e057f20f883e',NULL,NULL,NULL,NULL,NULL,NULL,NULL,NULL,NULL,NULL,NULL,'Verified','2022-08-24 13:20:41',NULL,NULL,0,NULL),(259,'bd0401dd-2d79-103f-77e1-11b8888246dc',3,5,213,'נטליה','אנטונוב','natalia@guri.co.il','0508119903','e10adc3949ba59abbe56e057f20f883e',NULL,NULL,NULL,NULL,NULL,NULL,NULL,NULL,'bdb73f39-77e8-49f8-dc25-18115ff17c20',NULL,'489837','Verified','2022-08-24 13:20:41','2022-09-07 10:20:14','2022-09-07 10:24:48',0,NULL),(260,'33fedb37-0193-3e57-2f24-9132f55f499a',3,5,213,'משה','כהן','moshikoc@guri.co.il','0537170715','e10adc3949ba59abbe56e057f20f883e',NULL,NULL,NULL,NULL,NULL,NULL,NULL,NULL,NULL,NULL,'864506','Verified','2022-08-24 13:20:41','2022-08-28 09:24:34',NULL,0,NULL),(261,'af91fb10-187d-65e0-949e-8a5c9feabb5f',3,5,213,'משה','שיטרית','moshes@guri.co.il','0542450661','e10adc3949ba59abbe56e057f20f883e',NULL,NULL,NULL,NULL,NULL,NULL,NULL,NULL,'012641fe-f506-0ed4-3561-c7680c0307f3',NULL,'836067','Verified','2022-08-24 13:20:41','2022-08-29 21:44:48','2022-08-29 21:53:51',0,NULL),(262,'4a8b0c17-780f-79ee-9cca-aacbb755c436',3,5,213,'משה','פאר','moshep@guri.co.il','0542450350','e10adc3949ba59abbe56e057f20f883e',NULL,NULL,NULL,NULL,NULL,NULL,NULL,NULL,'2602d431-ff74-1390-29d2-4359f9352943',NULL,'368691','Verified','2022-08-24 13:20:41','2022-08-29 19:14:51','2022-08-29 19:15:51',0,NULL),(263,'d9c52fe5-05af-f974-2e05-abf880891d49',3,5,213,'משה','לאמש','moshele@guri.co.il','0542462524','e10adc3949ba59abbe56e057f20f883e',NULL,NULL,NULL,NULL,NULL,NULL,NULL,NULL,'6084ed0f-e087-35de-08fb-a77ee5e85679',NULL,'716567','Verified','2022-08-24 13:20:41','2022-09-06 15:11:43','2022-09-06 15:11:44',0,NULL),(264,'ec3cb751-f6b9-19a2-5234-613d04ad1102',3,5,213,'משה','ליבוביץ','moshe@guri.co.il','0542450914','e10adc3949ba59abbe56e057f20f883e',NULL,NULL,NULL,NULL,NULL,NULL,NULL,NULL,'1e9371ef-9c44-aff0-f988-d3a29a733b35',NULL,'312778','Verified','2022-08-24 13:20:41','2022-09-07 13:53:49','2022-09-07 13:56:50',0,NULL),(265,'21af2105-5360-d98f-3858-b193c535c401',3,5,213,'מורן','חלימי','moranh@guri.co.il','0547246030','e10adc3949ba59abbe56e057f20f883e',NULL,NULL,NULL,NULL,NULL,NULL,NULL,NULL,'49ccc509-847a-2f6f-ab5e-0f0601871b88',NULL,'616178','Verified','2022-08-24 13:20:41','2022-08-28 08:08:16','2022-08-28 08:09:57',0,NULL),(266,'4651600f-ade0-90fe-82c5-403f2e5ea9cc',3,5,213,'מיכאל','יהודה','michaely@guri.co.il','0542450638','e10adc3949ba59abbe56e057f20f883e',NULL,NULL,NULL,NULL,NULL,NULL,NULL,NULL,'c8ae79b3-341f-423b-3a9a-0e1a0327b8f0',NULL,'838797','Verified','2022-08-24 13:20:41','2022-08-26 08:10:02','2022-08-26 08:16:11',0,NULL),(267,'edf3dbb8-8026-58ba-75f6-8d1d1198a410',3,5,213,'מרינה','דוידי','marinad@guri.co.il','0528117551','e10adc3949ba59abbe56e057f20f883e',NULL,NULL,NULL,NULL,NULL,NULL,NULL,NULL,'2b546099-04f2-81b9-3239-6531d1ff3a49',NULL,'816506','Verified','2022-08-24 13:20:41','2022-09-05 10:50:23','2022-09-05 11:19:18',0,NULL),(268,'43f8c8a8-e861-f4c4-fcba-029fa2d344a3',3,5,213,'מריאלה','קופקוב','mariela@guri.co.il','0542450957','e10adc3949ba59abbe56e057f20f883e',NULL,NULL,NULL,NULL,NULL,NULL,NULL,NULL,'64925bd3-637c-aac4-8417-e0d966f816fa',NULL,'311966','Verified','2022-08-24 13:20:41','2022-08-28 08:41:54','2022-08-28 08:50:37',0,NULL),(269,'90856d81-57af-214a-77a4-b9b25c77874c',3,5,213,'ליאור','תורן','liort@guri.co.il','0545650150','e10adc3949ba59abbe56e057f20f883e',NULL,NULL,NULL,NULL,NULL,NULL,NULL,NULL,'7a3cb72c-2b7f-717f-7dc0-280113868e3c',NULL,'467089','Verified','2022-08-24 13:20:41','2022-09-07 10:07:46','2022-09-07 10:13:19',0,NULL),(270,'5042b848-e7ef-0f0e-17d5-a7a159366be8',3,5,213,'ליאור','גלבוע','liorg@guri.co.il','0547835683','e10adc3949ba59abbe56e057f20f883e',NULL,NULL,NULL,NULL,NULL,NULL,NULL,NULL,'47c14a64-400b-30dc-1dc8-f38434c8e4fc',NULL,'355522','Verified','2022-08-24 13:20:41','2022-08-31 18:01:39','2022-08-31 18:02:31',0,NULL),(271,'304c8d28-bbe8-c79b-1ac5-07e806ed2c46',3,5,213,'לי','פריימן בנדר','leeb@guri.co.il','0524279004','e10adc3949ba59abbe56e057f20f883e',NULL,NULL,NULL,NULL,NULL,NULL,NULL,NULL,'18373c1e-e578-9cd5-214c-e4a1bc362536',NULL,'267524','Verified','2022-08-24 13:20:41','2022-09-07 10:51:32','2022-09-07 10:57:48',0,NULL),(272,'baf9bbad-3c96-687d-c11d-d7cd5e230864',3,5,213,'כפיר','אבורמד','kfira@guri.co.il','0542450629','e10adc3949ba59abbe56e057f20f883e',NULL,NULL,NULL,NULL,NULL,NULL,NULL,NULL,'1c6bf38d-f8ac-9a07-1e23-3e9be1414b88',NULL,'109846','Verified','2022-08-24 13:20:41','2022-09-07 11:25:32','2022-09-07 11:29:01',0,NULL),(273,'9e0f29ad-4b79-7959-79fa-0ec325798ee1',3,5,213,'יעקב','זהר','jzohar1965@gmail.com','0556651581','e10adc3949ba59abbe56e057f20f883e',NULL,NULL,NULL,NULL,NULL,NULL,NULL,NULL,'619297da-bf9b-8523-6cd8-f5edd6d1e4bb',NULL,'215855','Verified','2022-08-24 13:20:41','2022-08-25 17:31:22','2022-08-25 17:32:39',0,NULL),(274,'877e65c3-a6af-bef1-7e3f-af9ada4a2686',3,5,213,'יצחק','ובר','itzikv@guri.co.il','0545839084','e10adc3949ba59abbe56e057f20f883e',NULL,NULL,NULL,NULL,NULL,NULL,NULL,NULL,'b60877bb-393c-ea6d-eba7-f0f0130dcf9e',NULL,'838416','Verified','2022-08-24 13:20:41','2022-08-29 16:39:59','2022-08-29 16:51:30',0,NULL),(275,'30ea3ba2-4da7-0027-ef0b-dba7dc80b68e',3,5,213,'יצחק','כהן','itzik@guri.co.il','0542450980','e10adc3949ba59abbe56e057f20f883e',NULL,NULL,NULL,NULL,NULL,NULL,NULL,NULL,'572099ca-d78b-039a-3069-376c31b48be5',NULL,'275973','Verified','2022-08-24 13:20:41','2022-08-26 11:04:42','2022-08-26 11:07:03',0,NULL),(276,'7b983ee5-7598-af35-435d-7c89a5fe9a3b',3,5,213,'איתי','יצחקוב','Itay007@hotmail.com','0502711233','e10adc3949ba59abbe56e057f20f883e',NULL,NULL,NULL,NULL,NULL,NULL,NULL,NULL,'d489bdb1-049c-b320-a63e-4da66b1ade60',NULL,'798789','Verified','2022-08-24 13:20:41','2022-08-30 07:17:29','2022-08-30 07:25:41',0,NULL),(277,'e9e00f6a-e094-e267-4d67-8a07747cd0de',3,5,213,'אילנה','מלך','ilana@guri.co.il','0542450830','e10adc3949ba59abbe56e057f20f883e',NULL,NULL,NULL,NULL,NULL,NULL,NULL,NULL,NULL,NULL,NULL,'Verified','2022-08-24 13:20:41',NULL,NULL,0,NULL),(278,'a35c0878-9410-6e23-83e9-a7906486a6dc',3,5,213,'חיים','בוקובזה','haim@guri.co.il','0542450803','e10adc3949ba59abbe56e057f20f883e',NULL,NULL,NULL,NULL,NULL,NULL,NULL,NULL,'707cbc46-de7b-7199-f9c5-9afbb9b835f6',NULL,'435903','Verified','2022-08-24 13:20:41','2022-08-27 08:11:48','2022-08-27 08:16:51',0,NULL),(279,'b6aaa325-ef40-179b-59d6-b61ee9c6b621',3,5,213,'גלעד','דן','giladd@guri.co.il','0546344950','e10adc3949ba59abbe56e057f20f883e',NULL,NULL,NULL,NULL,NULL,NULL,NULL,NULL,'9d022387-d723-ea95-250f-7ba0ad5e102a',NULL,'663747','Verified','2022-08-24 13:20:41','2022-08-25 17:18:00','2022-08-25 17:19:42',0,NULL),(280,'f9c6c7ea-aef5-2328-9132-6bfc9516e6e5',3,5,213,'גלית','מצלאוי קהתי','galitm@guri.co.il','0527077728','e10adc3949ba59abbe56e057f20f883e',NULL,NULL,NULL,NULL,NULL,NULL,NULL,NULL,'75f2123f-a17d-523b-fc57-f19b7af3381c',NULL,'838737','Verified','2022-08-24 13:20:41','2022-08-28 08:56:41','2022-08-28 08:59:19',0,NULL),(281,'e9291c89-259f-feef-f4cc-3567affdff44',3,5,213,'אייל','זכאי','eyalz@guri.co.il','0542450678','e10adc3949ba59abbe56e057f20f883e',NULL,NULL,NULL,NULL,NULL,NULL,NULL,NULL,'4e7c5101-8fe8-56f4-1ce6-9033cb815d7d',NULL,'457612','Verified','2022-08-24 13:20:41','2022-09-03 12:56:08','2022-09-03 12:59:10',0,NULL),(282,'ea7fae2b-04d8-f4bf-4b95-4cfcd7ffa426',3,5,213,'אייל','עופר','eyalo@guri.co.il','0542450809','e10adc3949ba59abbe56e057f20f883e',NULL,NULL,NULL,NULL,NULL,NULL,NULL,NULL,'1726ed2a-b1f1-ecaf-5025-4f3490022105',NULL,'602206','Verified','2022-08-24 13:20:41','2022-08-25 17:30:45','2022-08-25 17:32:26',0,NULL),(283,'daec43c0-6744-8833-bf9c-1785c797fe33',3,5,213,'אייל','נהון','eyaln@guri.co.il','0542450814','e10adc3949ba59abbe56e057f20f883e',NULL,NULL,NULL,NULL,NULL,NULL,NULL,NULL,'1ab37b3f-4106-ff67-b26a-89b0ae12b368',NULL,'632092','Verified','2022-08-24 13:20:41','2022-08-25 18:59:40','2022-08-25 19:02:14',0,NULL),(284,'24e40af8-8554-9741-aed5-1cb63c61109d',3,5,213,'אסתר','ברק','etty@guri.co.il','0542450603','e10adc3949ba59abbe56e057f20f883e',NULL,NULL,NULL,NULL,NULL,NULL,NULL,NULL,'e5922452-6fc5-ca8d-97a1-439fee928db0',NULL,'413044','Verified','2022-08-24 13:20:41','2022-09-04 23:35:10','2022-09-04 23:36:14',0,NULL),(285,'81e40d55-033e-7021-db19-460385d3a1d9',3,5,213,'חאתם','טוויל','enad370@hotmail.com','0522638668','e10adc3949ba59abbe56e057f20f883e',NULL,NULL,NULL,NULL,NULL,NULL,NULL,NULL,NULL,NULL,NULL,'Verified','2022-08-24 13:20:41',NULL,NULL,0,NULL),(286,'34e2febb-aa30-cbfe-b794-d6fd043161e8',3,5,213,'אליהו','סינאי','elis@guri.co.il','0542450679','e10adc3949ba59abbe56e057f20f883e',NULL,NULL,NULL,NULL,NULL,NULL,NULL,NULL,'71df8bf0-a441-aaff-6b15-0777d6182b86',NULL,'153539','Verified','2022-08-24 13:20:41','2022-08-28 18:21:45','2022-08-28 18:24:53',0,NULL),(287,'b399fbc9-596e-fd3d-53a6-3aebf285497a',3,5,213,'אליאס','פרסיה','eli@guri.co.il','0542450904','e10adc3949ba59abbe56e057f20f883e',NULL,NULL,NULL,NULL,NULL,NULL,NULL,NULL,'a4accc13-6a3b-6290-6181-38d9360941e6',NULL,'475974','Verified','2022-08-24 13:20:41','2022-08-25 18:42:31','2022-08-25 18:45:27',0,NULL),(288,'b3698652-75a4-a586-d7c1-1d417d10d059',3,5,213,'אלחנן','ברגהוף','elhanan@guri.co.il','0542450916','e10adc3949ba59abbe56e057f20f883e',NULL,NULL,NULL,NULL,NULL,NULL,NULL,NULL,'95e0f195-8cc9-a439-6c35-2c3825b64361',NULL,'906153','Verified','2022-08-24 13:20:41','2022-08-26 09:25:23','2022-08-26 09:39:57',0,NULL),(289,'d9e21a29-64e0-00c0-cfcf-0f76dd00f495',3,5,213,'חי דוד','אלימלך','dudu@guri.co.il','0542450801','e10adc3949ba59abbe56e057f20f883e',NULL,NULL,NULL,NULL,NULL,NULL,NULL,NULL,'4eedc1b7-e18a-92eb-5d1f-6cf17eba769b',NULL,'786341','Verified','2022-08-24 13:20:41','2022-08-28 20:38:18','2022-08-28 20:38:56',0,NULL),(290,'7364e0e9-2818-2dd1-b644-686c92936b49',3,5,213,'דורית','אלימלך','doriteli_123@walla.com','0547834999','e10adc3949ba59abbe56e057f20f883e',NULL,NULL,NULL,NULL,NULL,NULL,NULL,NULL,'1e924066-e1e7-b0b2-4bb4-44c24ebc52ab',NULL,'658533','Verified','2022-08-24 13:20:41','2022-08-28 20:34:15','2022-08-28 20:36:37',0,NULL),(291,'e6b47975-eaf7-fd02-62f5-946a5ddc4521',3,5,213,'דניאל','זיידנר','danielz@guri.co.il','0549404940','e10adc3949ba59abbe56e057f20f883e',NULL,NULL,NULL,NULL,NULL,NULL,NULL,NULL,'771c4ac6-6a6d-6ce0-eab7-50ef254d0a23',NULL,'900308','Verified','2022-08-24 13:20:41','2022-09-07 22:21:32','2022-09-07 22:27:29',0,NULL),(292,'f8cf5c27-b304-30d4-48ec-04db83837583',3,5,213,'אריה','סגיב','arik@guri.co.il','0542450900','e10adc3949ba59abbe56e057f20f883e',NULL,NULL,NULL,NULL,NULL,NULL,NULL,NULL,'b3065b34-6262-2226-b3e4-5c6060186b30',NULL,'164989','Verified','2022-08-24 13:20:41','2022-08-25 19:21:18','2022-08-25 19:21:31',0,NULL),(293,'bf3d0d00-b987-8763-745d-bdc27bd37cd8',3,5,213,'אנה','סיריך מושייב','anna@guri.co.il','0542384415','e10adc3949ba59abbe56e057f20f883e',NULL,NULL,NULL,NULL,NULL,NULL,NULL,NULL,'570fd0f9-d4e5-8825-2801-95d0ba135ca6',NULL,'546957','Verified','2022-08-24 13:20:41','2022-08-29 17:08:12','2022-08-29 17:16:34',0,NULL),(294,'a6dc74bd-bb39-107d-2367-0e97afa8e873',3,5,213,'ענת','סגיב','anat@guri.co.il','0542450843','e10adc3949ba59abbe56e057f20f883e',NULL,NULL,NULL,NULL,NULL,NULL,NULL,NULL,'f18489ba-6ee5-0249-644c-85e509978363',NULL,'599096','Verified','2022-08-24 13:20:41','2022-08-25 18:35:25','2022-08-25 18:36:12',0,NULL),(295,'940da8dd-320d-b1af-7bb6-4934a94c0e09',3,5,213,'עמוס','גורי','amos@guri.co.il','0545600600','e10adc3949ba59abbe56e057f20f883e',NULL,NULL,NULL,NULL,NULL,NULL,NULL,NULL,NULL,NULL,NULL,'Verified','2022-08-24 13:20:41',NULL,NULL,0,NULL),(296,'9481c691-c332-7c9f-534a-426f1d0570c5',3,5,213,'עמית','לוי','amitl@guri.co.il','0509004780','e10adc3949ba59abbe56e057f20f883e',NULL,NULL,NULL,NULL,NULL,NULL,NULL,NULL,'222d7a22-675e-62a0-6e6a-179bf957968c',NULL,'636270','Verified','2022-08-24 13:20:41','2022-09-05 07:40:53','2022-09-05 07:45:40',0,NULL),(297,'0da11554-8dfe-3123-5773-a734928fa2c6',3,5,213,'אמיר','וייס','amirv@guri.co.il','0508449970','e10adc3949ba59abbe56e057f20f883e',NULL,NULL,NULL,NULL,NULL,NULL,NULL,NULL,'b4f0c189-a793-908d-907b-c061ab70e39a',NULL,'693841','Verified','2022-08-24 13:20:41','2022-08-25 17:23:06','2022-08-25 17:27:14',0,NULL),(298,'c2f4397b-7d32-6c72-f5ad-8a83c9ac5fad',3,5,213,'עדי','נויפלד','adin@guri.co.il','0528396014','e10adc3949ba59abbe56e057f20f883e',NULL,NULL,NULL,NULL,NULL,NULL,NULL,NULL,'60a1442a-bd15-2f42-3e34-258ae9071027',NULL,'617480','Verified','2022-08-24 13:20:41','2022-09-07 07:27:24','2022-09-07 07:27:47',0,NULL),(299,'405dc944-6231-b8d3-13a8-089ed3c79362',3,5,213,'עדי','קאופטייל','adik@guri.co.il','0524234502','e10adc3949ba59abbe56e057f20f883e',NULL,NULL,NULL,NULL,NULL,NULL,NULL,NULL,'891f242e-f089-0c21-4ceb-1de6979257b5',NULL,'602451','Verified','2022-08-24 13:20:41','2022-08-29 08:31:55','2022-08-29 08:43:27',0,NULL),(300,'9f3918b7-5772-b569-c87e-cb67b82dfd37',3,5,213,'עדי','ביטון בלומר','adib@guri.co.il','0542450602','e10adc3949ba59abbe56e057f20f883e',NULL,NULL,NULL,NULL,NULL,NULL,NULL,NULL,'21ba5fc9-51af-9b08-c23b-5968662e270e',NULL,'672631','Verified','2022-08-24 13:20:41','2022-09-04 10:03:11','2022-09-04 10:03:47',0,NULL),(301,'e5d5e4e9-bf28-dee5-0191-260b2c3b122f',3,5,213,'אסף','פרגון','assaf0704@gmail.com','0508424113','e10adc3949ba59abbe56e057f20f883e',NULL,NULL,NULL,NULL,NULL,NULL,NULL,NULL,'b31aaf98-c847-95ed-2b51-71720e0ce1e8',NULL,'767286','Verified','2022-08-25 12:24:13','2022-09-20 14:16:56','2022-09-20 14:20:55',0,NULL),(302,'9a983bc0-4f82-97c4-f6da-ed1f92ee1ed9',3,5,213,'שירן',' גורי','Shirannh26@gmail.com','0542450681','e10adc3949ba59abbe56e057f20f883e',NULL,NULL,NULL,NULL,NULL,NULL,NULL,NULL,'2743d1d3-0234-c3eb-1abd-ee0f9b6f87f8',NULL,'996609','Verified','2022-08-25 13:55:30','2022-09-01 13:27:44','2022-09-01 13:28:27',0,NULL),(303,'e009b132-5258-7ecc-f874-6679095354c0',3,301,213,'סלבי ','בוטבול','pargiyon@gmail.com','0526023237','e10adc3949ba59abbe56e057f20f883e',NULL,NULL,NULL,NULL,NULL,NULL,NULL,NULL,'612f13b4-717c-8808-4aa8-74a80efdc13c',NULL,'685583','Verified','2022-08-25 14:02:20','2022-08-26 17:05:45','2022-08-26 17:10:35',0,NULL),(305,'038adf93-c5f6-f368-2628-7f43b1af85f6',3,301,213,'דבורה','אוקנין','graphics@galtex.co.il','0528592225','e10adc3949ba59abbe56e057f20f883e',NULL,NULL,NULL,NULL,NULL,NULL,NULL,NULL,NULL,NULL,NULL,'Verified','2022-08-25 14:05:12',NULL,NULL,0,NULL),(306,'fa0a597c-9487-b5ff-6775-02eae88083ab',3,301,213,'אתי','כהן','support@galtex.co.il','0552272760','e10adc3949ba59abbe56e057f20f883e',NULL,NULL,NULL,NULL,NULL,NULL,NULL,NULL,NULL,NULL,NULL,'Verified','2022-08-25 14:07:06',NULL,NULL,0,NULL),(307,'889ea7a8-3440-db5d-7f72-5d3946e75a90',3,301,213,'קלרה','שטוטלנד','galtex@galtex.co.il','0523246889','e10adc3949ba59abbe56e057f20f883e',NULL,NULL,NULL,NULL,NULL,NULL,NULL,NULL,NULL,NULL,NULL,'Verified','2022-08-25 14:09:29',NULL,NULL,0,NULL),(308,'448cf2ef-39a9-a74d-f43a-2d5d67fbb6af',3,5,213,'רפי','גידו','rafi@guri.co.il','0542450808','e10adc3949ba59abbe56e057f20f883e',NULL,NULL,NULL,NULL,NULL,NULL,NULL,NULL,'cef0fabf-d497-fb74-0185-5f670eb4c6b2',NULL,'777194','Verified','2022-08-28 12:50:02','2022-09-01 09:29:41','2022-09-01 09:31:21',0,NULL),(309,'04e93dea-b22d-9d16-98ea-49b7c6f2cec8',3,5,213,'עדי','לנדאו','adilandau@gmail.com','0525201066','e10adc3949ba59abbe56e057f20f883e',NULL,NULL,NULL,NULL,NULL,NULL,NULL,NULL,'22ce65ad-2858-a7c6-d14e-2ffba9cc8874',NULL,'549445','Verified','2022-08-29 17:15:03','2022-08-29 17:16:16','2022-08-29 17:29:53',0,NULL),(310,'8bf4ef15-167b-9d40-eb7c-7d9f5084dd36',3,5,213,'שי ','בן דוד','Shaybd@guri.co.il','0535330091','e10adc3949ba59abbe56e057f20f883e',NULL,NULL,NULL,NULL,NULL,NULL,NULL,NULL,'52ba5195-e87f-74d4-741f-b4b7a6fa9735',NULL,'115892','Verified','2022-08-29 18:14:31','2022-09-04 11:13:20','2022-09-04 11:14:58',0,NULL),(311,'6341d8b7-6e43-fafd-7815-7efe2bbcac6f',3,5,213,'רנה','בוניאטוב','rena_33@walla.com','0524225134','e10adc3949ba59abbe56e057f20f883e',NULL,NULL,NULL,NULL,NULL,NULL,NULL,NULL,'337d02a4-6c2d-eb70-961b-36f611fa0566',NULL,NULL,'Verified','2022-09-01 12:55:44','2022-09-06 08:50:19','2022-09-06 08:52:31',0,NULL),(313,'30a45bd5-d32b-134a-e4dc-ce46f3ac8e78',3,5,213,'תומר','גיאן','tomer.gihan@gmail.com','0547949023','e10adc3949ba59abbe56e057f20f883e',NULL,NULL,NULL,NULL,NULL,NULL,NULL,NULL,'e833d12a-d6c6-7dba-828e-6de8f2b13930',NULL,NULL,'Verified','2023-04-03 17:14:41','2023-04-03 18:49:33','2023-04-03 18:55:29',0,NULL),(314,'ebbe8ddc-fd30-9b56-51d4-7cc7f8a812f3',2,5,NULL,'Abigail','Mccarthy','talojyqok@mailinator.com',NULL,'06bc1afd75f003b2a1abcd32d10f9147',500,'Door to Door','{\"company_name\":\"Sims Irwin Plc\",\"contact_name\":\"Elaine Byers\",\"contact_number\":\"655\",\"shop_title\":\"Ad quod dolor conseq\",\"theme_color\":\"#bd58e0\",\"company_logo\":\"1680866666-72564b6c-294e-bd05-2fe7-94cd1f07b026.jpg\"}',NULL,NULL,NULL,NULL,NULL,'7053e5af-bf1c-12b2-25b3-119660e6f898',NULL,NULL,'Verified','2023-04-07 14:24:26','2023-04-07 14:27:59','2023-04-07 14:32:09',0,'04/04/2024'),(315,'16188f61-8c6b-f692-09f5-172413d92f64',3,5,314,'Test','Test','test@gmail.com','0535818727','25d55ad283aa400af464c76d713c07ad',NULL,NULL,NULL,NULL,NULL,NULL,NULL,NULL,'ad0bd02a-c8ef-c2ff-552c-b9511e861824',NULL,NULL,'Verified','2023-04-07 14:26:52','2023-04-07 14:31:14','2023-04-07 14:32:53',0,NULL);
/*!40000 ALTER TABLE `tbl_users` ENABLE KEYS */;
UNLOCK TABLES;
/*!40103 SET TIME_ZONE=@OLD_TIME_ZONE */;

/*!40101 SET SQL_MODE=@OLD_SQL_MODE */;
/*!40014 SET FOREIGN_KEY_CHECKS=@OLD_FOREIGN_KEY_CHECKS */;
/*!40014 SET UNIQUE_CHECKS=@OLD_UNIQUE_CHECKS */;
/*!40101 SET CHARACTER_SET_CLIENT=@OLD_CHARACTER_SET_CLIENT */;
/*!40101 SET CHARACTER_SET_RESULTS=@OLD_CHARACTER_SET_RESULTS */;
/*!40101 SET COLLATION_CONNECTION=@OLD_COLLATION_CONNECTION */;
/*!40111 SET SQL_NOTES=@OLD_SQL_NOTES */;

-- Dump completed on 2023-04-11  9:31:57
